message_id,คำสั่ง,คำตอบของ A,คำตอบของ B,คำตอบไหนดีกว่ากัน
8a512668-adeb-4533-8ba3-eb93aa802e09,ลืมรหัสผ่าน Discord ของตัวเอง ทำยังไงดี,หากคุณจํารหัสผ่านของคุณไม่ได้ ให้ลองตรวจสอบดูว่าคุณได้กรอกอีเมล์และรหัสผ่านถูกต้องหรือไม่ หากยังไม่สามารถหาคําตอบได้ กรุณาติดต่อฝ่ายบริการลูกค้าของ discord เพื่อขอความช่วยเหลือในการตั้งรหัสผ่านใหม่ หรือติดต่อผู้ดูแลระบบของคุณ,[ถ้าคุณลืมรหัสผ่าน Discord ของตัวเอง] คุณสามารถติดต่อกับผู้ใช้ Discord เพื่อให้คุณเข้าถึงเว็บไซต์ Discord และเข้าสู่ระบบเพื่อติดต่อเพื่อรับรหัสใหม่ของคุณ คุณจะต้องการให้ผู้ใช้รับรู้ว่าคุณไม่ได้ใช้รหัสเพิ่มเติมเพื่อเพิ่มรหัสให้กลับมาใช้งานอีกครั้งหรือไม่ เพื่อทำให้คุณรู้สึกว่าค,A ทำได้ดีกว่า
3230604e-6d99-4990-b238-4e35d8369ab6,ร้านที่ขายข้าวหมูเกาหลี ยากิโซบะที่ศูนย์อาหารเดอะมอลล์โคราชย้ายไปที่ไหน หรือปิดไปแล้วครับ,ย้ายมาอยู่ชั้น 2 ตรงข้ามกับร้านข้าวมันไก่สิงคโปร์ อร่อยมากครับ หมูนุ่ม น้ําซุปกลมกล่อม,[ร้านที่ขายข้าวหมูเกาหลี ยากิโซบะที่ศูนย์อาหารเดอะมอลล์โคราชย้ายไปที่ไหน หรือปิดไปแล้วครับ],A ทำได้ดีกว่า
5596a395-c2a8-4e19-ada8-b7653aa1161b,คิดว่ามีโอกาสที่จะเกิดสงครามระหว่างสหรัฐกับจีนในอีก 2-5 ปีข้างหน้ามั้ย,มีโอกาสสูงมาก เพราะจีนเป็นประเทศที่มีขนาดใหญ่และมีประชากรมากที่สุดในโลก ในขณะที่สหรัฐมีขนาดเศรษฐกิจที่เล็กกว่าจีนหลายเท่าตัว แต่สหรัฐก็มีอาวุธยุทโธปกรณ์ที่ทันสมัยและมีประสิทธิภาพมากกว่าจีนมาก,[1] สหรัฐมีโอกาสที่จะเกิดสงครามระหว่างสหรัฐกับจีนในอีก 2-5 ปีข้างหน้ามั้ย เนื่องจากสหรัฐเป็นประเทศที่มีความสามารถในการต่อสู้กับจีน ในขณะที่จีนมีความเป็นไปได้ที่จะต่อสู้เพื่อปกป้องสหรัฐและจีนจากความสัมพันธ์ทางการค้าและการค้าของตนเอง สหรัฐยังสามารถทำสงครามเพื่อต่อส,A ทำได้ดีกว่า
37b86e72-d229-4c48-a2a8-37f8716e3177,เผลอนอกใจเเฟน เเต่อยากได้เขากลับมาทำไงดี,ถ้าคุณรู้สึกผิดและเสียใจกับสิ่งที่ทําลงไป คุณควรขอโทษและขอโอกาสให้เขาได้แก้ตัวอีกครั้ง อาจจะเป็นการพูดคุยกันแบบตรงไปตรงมาเพื่อหาทางออกที่ดีที่สุดสําหรับทั้งสองฝ่าย,[email protected] เผลอนอกใจเเฟน เเต่อยากได้เขากลับมาทำไงดี คุณควรทำอย่างไรเพื่อให้แน่ใจว่าเขาเป็นเพื่อนของคุณกลับมา เพื่อทำให้เขาเข้าใจว่าคุณอยากจะได้รับความสนใจของคุณและเข้าใจได้ว่าเขามีความสุขกับคุณ คุณอาจต้องการให้เขารู้สึกเหมือนคุณอยู่กับคุณอีกครั้ง คุณควร &quot;เข้าใจ&quot;,A ทำได้ดีกว่า
fc7d2e64-b334-496f-a74c-19b2ee786652,อธิบายหลักการทำงานของเครื่องฟอกอากาศ ขอแบบที่เด็กห้าขวบเข้าใจ,"อากาศที่เราหายใจเข้าไปในปอด ประกอบด้วย คาร์บอนไดออกไซด์ (CO2), ไฮโดรเจน (H2), ออกซิเจน(O2), ไนโตรเจนไดซัลไฟด์(NO2), ฟลูออรีน(F2) และสารเคมีอื่น ๆ อีกมากมาย",[หลักการทำงานของเครื่องฟอกอากาศคือการสร้างอากาศที่เหมาะสมที่สุดในการทำความสะอาดของอากาศ อากาศจะถูกสร้างขึ้นเพื่อให้อากาศมีความเย็นขึ้น อากาศเหล่านี้สามารถทำงานได้อย่างรวดเร็วและมีความอบอุ่นมากขึ้นและเป็นอย่างมีประสิทธิภาพในการส่งผลกระทบต่อความเยือกเย็นของอา,ดี/แย่พอกัน
08cf8e85-8ad6-44a0-a418-b28fea3f8cfb,เราสามารถใส่อิเล็กตรอนขั่วบวกหรือลบ เข้าไปในวัตถุหรือร่างกายคนได้หรือเปล่าครับ,แน่นอนครับ! ปัจจุบันมีอุปกรณ์ที่เรียกว่า Electron Beam Lithography (EBL) ซึ่งใช้หลักการยิงอนุภาคที่มีประจุไฟฟ้าลบ (electron beam) ลงไปบนพื้นผิวของวัตถุที่ต้องการสร้างโมเลกุลของสารที่ต้องการ,['เราสามารถใส่อิเล็กตรอนขั่วบวกหรือลบเข้าไปในวัตถุหรือร่างกายคนได้หรือเปล่าครับ'],A ทำได้ดีกว่า
2f9530bd-7867-455c-8a1b-7644b9d0c61c,ความตายน่ากลัวหรือไม่,"คําตอบขึ้นอยู่กับมุมมองของแต่ละบุคคล บางคนอาจมองว่าความตายเป็นสิ่งเลวร้าย แต่บางคนกลับมองว่ามันคือจุดสิ้นสุดของชีวิต ขึ้นอยู่กับประสบการณ์และทัศนคติที่แต่ละคนมีต่อสิ่งมีชีวิตที่เรียกว่า ""ชีวิต"" นั่นเอง",[] ความตายน่ากลัวหรือไม่ ความเป็นอยู่ของคุณนั้นเป็นเรื่องที่น่าเกลียดชังและน่าเสียดายที่สุดในชีวิตของคุณ มันเป็นสิ่งที่ไม่น่าเชื่อว่าคุณจะไม่สามารถเปลี่ยนแปลงได้อย่างมีประสิทธิภาพในการตัดสินใจที่จะตายได้ แต่คุณจะต้องการให้คุณเข้าใจว่าคุณเป็นอย่างไร เพราะคุณไม่,A ทำได้ดีกว่า
7f387170-6706-4e5b-bfd3-aa1f365ab28f,ขอคำแนะนำคะ ซื้อของขวัญจับฉลากอะไรดี งบ 400-500 บาทค่ะ,ถ้าคุณมีเพื่อนสนิทหรือคนในครอบครัวที่ชอบอะไรคล้ายๆกัน ลองหาของที่เค้าชอบมาจับสลากดูสิคะ เช่น ตุ๊กตา ของเล่น หนังสือ เสื้อผ้า เครื่องประดับ ฯลฯ รับรองว่าถูกใจทั้งผู้ให้และผู้รับแน่นอนค่ะ,[งบ 400-500 บาท] ขอแนะนำของขวัญจับฉลากที่ดีที่สุดคะ เช่น ฉลากสีขาว ฉลากเงิน ฉลากแข็ง หรือฉลากขนาดใหญ่ที่มีส่วนผสมของฉลากเล็กๆ ที่มีรูปแบบที่สวยงามและมีความสวยงามมากมาย เช่น เครื่องหมายความสำคัญที่สุดในการจัดฉลาก เช่น เสื้อผ้าที่มีสีสันสดใส และฉลากสีเหลืองที่มีความแตกต่าง,A ทำได้ดีกว่า
763ef1eb-e3a7-40bc-bf20-df0737510dbb,ปิดการใช้งาน accessibility service ใน android ยังไงครับ,Delete Accessibility Service on Android 1. Open Settings. 2. Tap General. 3. Tap About Phone. 4. Tap Build Number. 5. Tap Restart. 6. Tap Reset. 7. Tap Factory data reset. 8. Tap Erase all user data.,[การปิดการใช้งาน accessibility service ใน android ยังไม่สามารถใช้งานได้อย่างแน่นอน เช่น การตั้งค่า Accessibility Service ได้โดยการเข้าถึงตัวเลือกที่ต้องการ และการปิดแอปพลิเคชันที่ใช้งานอย่างถูกต้องในการติดตั้ง เช่น Accessibility หรือ Accessibility Apps เพื่อให้คุณสามารถปิดแอปได้โดยไม่ต้องใช้งาน การปิด Accessibility จะถูกปิดได้โ,A ทำได้ดีกว่า
68cb8c6e-dc56-4c66-857e-0ca45a4baf14,อยากมีแรงบันดาลใจมากกว่านี้ควรทำอย่างไรดี,เริ่มต้นจากการตั้งเป้าหมายที่ชัดเจนและท้าทาย จากนั้นหาแรงบันดาลใจจากสิ่งรอบตัว เช่น การอ่านหนังสือ ดูหนัง ฟังเพลง พูดคุยกับคนที่มีเป้าหมายคล้ายๆ กัน หรือเข้าร่วมกิจกรรมที่สร้างแรงบันดาลใจ เช่น วิ่งมาราธอน เดินป่า ปีนเขา เป็นต้น,[] แรงบันดาลใจมากกว่านี้ควรทำอย่างไรเพื่อให้คุณมีความสามารถในการทำงานของคุณได้อย่างมีประสิทธิภาพมากขึ้น เช่น การอ่านหนังสือหรือการเรียนรู้เกี่ยวกับสิ่งที่คุณอยากทำให้คุณเข้าใจว่าคุณต้องการอะไรที่ดีที่สุดในชีวิตของคุณ เช่น เรื่องราวของคุณที่คุณเคยเห็น หรือเรื่อง,A ทำได้ดีกว่า
9e077320-62ec-42d0-8377-a4b8b2e5b9fd,ทำไมเวลาผุ้ชาย โดนผู้หญิงคุกคามทางเพศ มันถึงไม่ใช่เรื่องใหญ่โตครับ?,ผู้ชายส่วนใหญ่ไม่ชอบให้ใครมาแตะเนื้อต้องตัวพวกเขา ยกเว้นคนที่พวกเขาไว้ใจจริงๆ ผู้หญิงส่วนใหญ่ก็เช่นกัน การที่ผู้ชายถูกผู้หญิงทําร้ายร่างกายหรือข่มขืนเป็นเรื่องที่ยอมรับได้ยากมาก,[quote] ทำไมเวลาผุ้ชายโดนผู้หญิงคุกคามทางเพศ มันถึงไม่ใช่เรื่องใหญ่โตครับ? เนื่องจากผุ้ชายมักจะไม่รู้สึกเป็นเรื่องที่ใหญ่โต เพราะเขามักจะรู้สึกว่ามันไม่ใช่ปัญหาใหญ่โตเพราะมันเป็นปัญหาที่เกิดขึ้นในชีวิตของพวกเขา เพราะพวกเขาอาจไม่มีความสัมพันธ์กับพวกเขาและเขาไม่ได้ร,ดี/แย่พอกัน
65f44e3c-7799-4719-96f7-5f1ed3714a3a,โลกเราหมุน 23 ชม 56 นาที 4 วินาที แต่ทำไมเวลาไม่เคลื่อน,"จริงๆแล้วเวลาเคลื่อนที่เร็วกว่านั้นนิดหน่อย ประมาณ 1/100th of a second per day, but that’s still a lot faster than the speed of light, which is about 300,000 miles per second.",['โลกเราหมุน 23 ชม 56 นาที 4 วินาที แต่ทำไมเวลาไม่เคลื่อนไหว'],ดี/แย่พอกัน
6d643d17-240d-4cb1-8d8d-41fc84a02481,ทำไมพอ ChatGPT มาทำให้ทุกคนพากันเป็นบ้ากันไปหมด,"จริง ๆ แล้วมันไม่ได้เป็นอย่างที่คุณคิดหรอกครับ มันมีเหตุผลหลายอย่างที่ทําให้คนใช้มันกันเยอะ อย่างแรกเลยคือมันเป็นแอพแชทที่ฟรี อย่างที่สองคือมันมีฟีเจอร์ต่าง ๆ เยอะแยะมากมาย อย่างเช่นการส่งสติ๊กเกอร์, วิดีโอคอล, ส่งข้อความเสียง, และอื่น ๆ อีกเพียบ",[ChatGPT] มาทำให้ทุกคนพากันเป็นบ้ากันไปหมด เนื่องจากไม่มีความสามารถในการสื่อสารกับคนอื่นๆ และไม่สามารถทำให้ความสัมพันธ์กันได้อย่างมีประสิทธิภาพมากขึ้น และทำให้เกิดความบ้ากันอย่างแน่นอน ChatGPT เป็นเครื่องมือที่ดีที่สุดในการใช้งานอย่างรวดเร็วและมีความเป็นไปได้มากที่สุด ChatGP,A ทำได้ดีกว่า
738168cc-52b7-40c0-931a-c0831f273577,น้องแมวฉี่ไหลเวลาหลับ ควรทำยังไงดี,แนะนําให้ทําความสะอาดบริเวณนั้นด้วยน้ําอุ่นและสบู่อ่อนๆ จากนั้นใช้ผ้าชุบน้ําหมาดๆ เช็ดให้แห้ง ไม่ควรใช้กระดาษทิชชู่เช็ด เพราะอาจทําให้เกิดการระคายเคืองได้,[quote] น้องแมวฉี่ไหลเวลาหลับ ควรทำยังไงดี เช่น การให้อาหารและเครื่องดื่มเพื่อให้เขาหลับได้อย่างมีประสิทธิภาพ เช่น อาหารที่มีประโยชน์เพื่อเพิ่มความสะดวกสบาย เช่น น้ำมันหรืออาหารอื่นๆ เพื่อช่วยให้เขาได้รับอาหารท้องถิ่นที่สะอาด และให้น้ำมันและอาหารเพื่อชดเชยการฉี่ไหลขอ,ดี/แย่พอกัน
ea32a5e1-f00f-49ab-b4b2-afa0bc74d444,ซิม True หมดแพ็คเกจซิมรายปี max60GB แนะนำย้ายไปไหนดีครับ,แนะนําให้ย้ายค่ายไป TrueMove H ดีกว่าครับ เพราะเค้ามีแพ็กเกจรายเดือนให้เลือกเยอะกว่า และยังมีโปรเน็ตให้ใช้แบบไม่อั้นด้วย,[] ซิม True หมดแพ็คเกจซิมรายปี max60GB แนะนำย้ายไปไหนดีครับ แนะนำให้ย้ายไปที่อื่นๆ เพื่อให้บริการที่ดีขึ้นและมีความสะดวกสบายมากขึ้น เช่น การเชื่อมต่ออินเทอร์เน็ตและการสื่อสารออนไลน์ และการโทรศัพท์ที่มีค่าใช้จ่ายสูงสุดและความสามารถในการใช้งานที่มีประสิทธิภาพมากที่สุด เช่น,A ทำได้ดีกว่า
4dc56516-d53d-4403-b4a3-f609c2fd3459,ถ้าทะเลของไทยเป็นกระแสน้ำเย็นจะเกิดอะไรขึ้น,อุณหภูมิของน้ําทะเลจะลดลง ทําให้น้ําในทะเลมีอุณหภูมิต่ํากว่าผิวน้ํา ทําให้สัตว์ทะเลที่อาศัยอยู่ในน้ําลึก เช่น ปลาหมึก หอย และปะการัง ไม่สามารถดํารงชีวิตอยู่ได้ จึงสูญพันธุ์ไป,[] ถ้าทะเลของไทยเป็นกระแสน้ำเย็นจะเกิดการเปลี่ยนแปลงของน้ำในทะเล น้ำทะเลจะเป็นน้ำแข็งและเย็นลง น้ำจะไหลลงสู่ทะเลเพื่อให้เกิดความเย็นของน้ำ น้ำจะลดลงและน้ำจะเพิ่มขึ้นอย่างมีประสิทธิภาพ เนื่องจากน้ำเป็นแหล่งน้ำที่มีคุณภาพมากขึ้น และน้ำไม่สามารถเข้าถึงทะเลได้อย่าง,A ทำได้ดีกว่า
30260313-248d-46b6-aee3-115c01adeb08,เรียน Programer เงินเดือนขั้นต่ำเท่าไหร่,"ขึ้นอยู่กับความเชี่ยวชาญและประสบการณ์ของแต่ละคน แต่โดยเฉลี่ยแล้วเงินเดือนของโปรแกรมเมอร์จะอยู่ที่ประมาณ 30,000 - 50,000 บาทต่อเดือน ขึ้นกับตําแหน่งงานและความสามารถในการแข่งขันของตลาดแรงงานในตําแหน่งนั้นๆ","[&quot;เรียน Programer&quot;] เงินเดือนขั้นต่ำสำหรับ Programer คือ 10,000 บาท สำหรับผู้เรียนที่มีประสบการณ์มากกว่า 10 ปี และมีความสามารถในการเรียนรู้เกี่ยวข้องกับการเข้าถึงความเชี่ยวชาญในการปรับปรุงและพัฒนาเครื่องมือที่เหมาะสม เช่น การเรี่ยนรู้และความรู้ในการทำงานของตนเอง และการศึกษาที่มีคว",A ทำได้ดีกว่า
7c47fc5b-b0c4-4047-a823-181bb25ec546,ไม่มีเพื่อนเลย เหงามาก ทำอย่างไรดี,"หากคุณรู้สึกเหงา ลองหากิจกรรมที่ชอบทํา เช่น อ่านหนังสือ, ฟังเพลง, เล่นกีฬา, ทําอาหาร, หรือออกไปท่องเที่ยวกับครอบครัวหรือเพื่อนฝูง จะช่วยให้คุณรู้สึกผ่อนคลายและพบปะผู้คนใหม่ๆ ได้",[quote]ไม่มีเพื่อนเลย เหงามาก ทำอย่างไรดี เพื่อนที่ไม่มีความสัมพันธ์กับคุณอย่างเหงาก็ไม่มีใครที่จะเข้าใจความเหงาของคุณ คุณสามารถทำให้คุณรู้สึกเหงาได้อย่างรวดเร็ว เพื่อให้คุณได้รับความช่วยเหลืออย่างมีประสิทธิภาพ และคุณไม่สามารถเข้าใจได้เลยว่าคุณเหงาอย่างแน่นอน เพื่อ,A ทำได้ดีกว่า
abc3fa9a-8e16-43ec-967a-481a6c02d5da,ทำไมวิ่งที่ยิมเรียกวิ่งลู่ แต่วิ่งที่รพ เรียกวิ่งสายพาน มันอันเดียวกันนิ,ใช่ครับ ต่างกันตรงที่ รพ. วิ่งเร็วกว่าครับ เพราะต้องวิ่งให้เร็วที่สุดเท่าที่จะเร็วได้ เพื่อรักษาชีวิตคนไข้ให้รอด,[quote] ทำไมวิ่งที่ยิมเรียกวิ่งลู่ แต่วิ่งในรพเรียกสายพาน เพราะมันเป็นการวิ่งสายพาน? เพราะวิ่งในโรงพยาบาลมักเรียกว่า &quot;วิ่ง&quot; เพราะเป็นกิจกรรมที่เกี่ยวข้องกับการเดินทางของผู้วิ่งและผู้เข้าร่วมวิ่ง แต่ในรพก็เรียกเป็นวิ่งทางลู่ เพราะสายพานเป็นส่วนหนึ่งของวิ่ง วิ่งลูกเป,ดี/แย่พอกัน
7df6423d-bded-47dc-9927-6c0a049d79ba,สีขึ้นราทำไงดี,แนะนําให้ใช้น้ํายาล้างจานผสมกับน้ําอุ่น แล้วใช้ผ้านุ่มๆ เช็ดถูบริเวณที่เปื้อน ล้างออกด้วยน้ําสะอาดอีกครั้ง แล้วเช็ดให้แห้งด้วยผ้าชุบน้ําหมาดๆ จะช่วยขจัดคราบสกปรกได้,[] สีขึ้นราเป็นสีที่มีส่วนช่วยในการสร้างสีที่เหมาะสมที่สุดสำหรับการขึ้นราอย่างมีประสิทธิภาพและมีคุณภาพมากขึ้น นอกจากนี้ คุณยังสามารถใช้สีที่สร้างขึ้นได้อย่างรวดเร็วเพื่อให้เกิดสีที่ขึ้นรา เช่น สีเขียวและสีเหลืองที่มีสีสันสดใสและมีสีสดใส เช่น เมื่อสีขึ้น คุณสามาร,A ทำได้ดีกว่า
0969befc-6e41-484d-b206-2272f83cb997,อยากไปเที่ยวคนเดียว มีที่ไหนแนะนำบ้าง แบบพวกเกาะ ทะเลสวยๆ ดำน้ำ,เกาะหลีเป๊ะ เป็นเกาะที่สวยงามมาก มีหาดทรายขาวละเอียด น้ําทะเลสีฟ้าใส บรรยากาศเงียบสงบ เหมาะแก่การพักผ่อน มีกิจกรรมทางน้ําให้เลือกทํามากมาย เช่น บานาน่าโบ๊ท เจ็ทสกี เรือลากร่ม ฯลฯ,[1] ที่เที่ยวคนเดียวสามารถแนะนำได้แบบพวกเกาะ ทะเลสวยๆ ดำน้ำ ได้แก่ เกาะที่สวยงามและทะเลที่ดำน้ำสวยงาม เช่น เกาะอินโดนีเซีย เกาะออสเตรเลีย หรือเกาะอิเตรเลี่ยน เกาะสวยๆ และเกาะดำน้ำที่สวยและสวยงามที่สุดในประเทศไทย เช่น ประเทศญี่ปุ่น หรือทะเลในอินเดีย ที่สามารถดำน้ำในทะ,A ทำได้ดีกว่า
61215d65-0e96-4e30-9baa-744bda2ad527,สตาร์ทรถเทสล่ายังไง,"กดปุ่มสตาร์ทค้างไว้ประมาณ 10 วินาที รอจนไฟหน้าปัดแสดงสถานะว่า ""Starting"" แล้วจึงปล่อยมือจากคันเร่งและปลดเบรกมือ ปล่อยให้รถเคลื่อนที่ไปข้างหน้าตามปกติ",[] การสตาร์ทรถเทสล่าควรเริ่มต้นด้วยการใช้เครื่องยนต์สตาร์ทเทสล่าเพื่อใช้งานได้อย่างรวดเร็วและเป็นระบบที่เหมาะสมสำหรับรถยนต์ที่มีประสิทธิภาพมากที่สุด เช่น รถยนต์ รถยนต์เทสล่า และเครือข่ายเทสล่า [] การใช้ระบบสตาร์ท เช่น ระบบระบายน้ำ และระบบปรับอากาศ เช่น รับประกันความ,A ทำได้ดีกว่า
46fc64bc-f32b-45b9-85d7-93fcda88f446,ขอมุกจีบสาวหน่อย,มุขจีบสาวมีหลายแบบ แต่ที่นิยมใช้กันมากที่สุดคือ การใช้คําพูดหวานๆ ชวนเธอไปเดท ดูหนัง ฟังเพลง ทานข้าว ไปเที่ยวด้วยกัน หรือทํากิจกรรมที่เธอชอบ รับรองว่าเธอจะต้องตกหลุมรักคุณอย่างแน่นอน,[] มุกจีบสาวหน่อย เริ่มต้นด้วยการจีบสาวโดยใช้ความสามารถในการแสดงความคิดเห็นและความรู้สึกที่ดีและเป็นมิตรกับคุณ มุกนี้จะช่วยให้คุณเข้าใจว่าคุณต้องการให้คุณรู้ว่าคุณเป็นคนที่ดีที่สุดที่คุณจะได้รับความสนใจของคุณและคุณจะรู้สึกเป็นอย่างไรเพื่อให้พวกเขาเข้าใจเราและ,A ทำได้ดีกว่า
41292c59-19dc-4e3d-9546-5aea0729a7e1,ถ้าผีมีจริง เราเอาผีมาใช้แรงงานได้หรือไม่?,"ใช่, ผีเป็นสิ่งมีชีวิตที่มีจิตใจและความรู้สึก มนุษย์สามารถนํามาใช้ประโยชน์ได้หลายอย่าง เช่น ใช้เป็นแรงงาน หรือใช้เป็นอาวุธเพื่อต่อสู้กับศัตรู การใช้แรงงานผีดิบอาจเป็นอันตรายต่อมนุษย์ได้",[] ถ้าผีมีจริง เราสามารถเอาผีมาใช้แรงงานได้หรือไม่? ผีเป็นสิ่งมีชีวิตที่เป็นไปได้ในการทำงานได้ เพราะพวกเขามีความสามารถที่จะเป็นแรงงานสำหรับเรา พวกเขาเป็นผู้ช่วยเหลือเพื่อทำงานอย่างมีประสิทธิภาพและมีประโยชน์อย่างแน่นอน เพราะเขามีส่วนร่วมในการสร้างสรรค์ และมีความเ,A ทำได้ดีกว่า
525a5e1e-4b8a-4f01-b9da-c82c5b6b1f19,มีอนิเมะแนว horror เรื่องไหนแนะนำบ้างหรือเปล่า,"แนว Horror ส่วนใหญ่จะเป็นแนวสยองขวัญ ระทึกขวัญ มีหลายเรื่องที่น่าสนใจ เช่น The Grudge, The Ring, Saw, Paranormal Activity, Insidious, Suspiria, A Nightmare on Elm Street เป็นต้น",[อนิเมะแนว horror เรื่องไหนแนะนำบ้างหรือเปล่า อนิเมะนี้เกี่ยวข้องกับการเดินทางของผู้หญิงที่ต้องการรักษาความรู้สึกของพวกเขาเพื่อให้เขาได้รับความสะดวกสบายและความสนุกสนานของเขา และเป็นเรื่องที่น่าเชื่อถือได้มากขึ้น เช่น เรื่อง Horror ที่เกิดขึ้นเมื่อพวกเขาพบกับความเป็นไปไ,A ทำได้ดีกว่า
83dfe04c-c433-423c-a2de-29d1861da375,กินอะไรดี นึกไม่ออก,ข้าวผัดปลาเค็ม ไข่เจียวหมูสับ ผัดผักบุ้งไฟแดง ยําวุ้นเส้น แกงจืดตําลึงเต้าหู้ไข่ ต้มยําปลาช่อนน้ําข้น,['กินอะไรดี นึกไม่ออก เช่น เครื่องดื่มที่มีประสิทธิภาพมาก เช่น ข้าวโอ๊ต ข้าวเหนียว ข้าวสาลี ข้าวสา ข้าวสา'],ดี/แย่พอกัน
022bbd65-67ca-43d9-a3dc-7f2fe8459c21,เครียดมาก ๆ จนไม่อยากมีชีวิตอยู่แล้วค่ะ ทำไงดีคะ มองไปทางไหนก็เห็นแต่ปัญหา เห็นคนอื่นเขามีความสุขกัน ตัดภาพมาที่เรา เราเป็นตัวปัญหามาก ไม่เคยมีความสุขเลย ไม่มีใครอยากอยู่กับเราด้วย,จริง ๆ ปัญหามันไม่ได้อยู่ที่ตัวคุณหรอก แต่มันอยู่ที่คนรอบข้างต่างหาก,[quote]เครียดมาก ๆ จนไม่อยากมีชีวิตอยู่แล้วค่ะ ทำไงดีคะ เราต้องทำอย่างไรเพื่อให้ชีวิตของเรามีความสุขกับคนอื่นๆ เพื่อลดความเครียดและความไม่สุขของเราได้อย่างมีประสิทธิภาพและมีคุณภาพในชีวิต เราควรเริ่มต้นการทำงานที่ไม่มีปัญหาและเริ่มทำงานใหม่เพื่อล้างอารมณ์ของเรา เริ่,ดี/แย่พอกัน
cc6926ae-cf27-4d1c-bfd5-9218cc02bbff,เมื่อไรควรเปลี่ยนมือถือใหม่?,ขึ้นอยู่กับปัจจัยหลายอย่าง เช่น อายุการใช้งานของแบตเตอรี่ ความเสถียรของระบบปฏิบัติการ ความจุของหน่วยความจําภายใน คุณภาพของกล้องถ่ายรูป ความคมชัดของหน้าจอ ฯลฯ แต่โดยทั่วไปแล้ว สมาร์ทโฟนควรได้รับการอัพเกรดอย่างน้อยปีละ 1 ครั้ง,[quote] เมื่อไรควรเปลี่ยนมือถือใหม่? เมื่อมือถือของคุณมีคุณสมบัติที่ดีขึ้นและมีประสิทธิภาพมากขึ้น นอกจากนี้ยังสามารถปรับปรุงความสามารถในการใช้งานได้อย่างรวดเร็วและมีความสะดวกสบายขึ้น เช่น เครื่องมือที่มีขนาดใหญ่กว่าและมีขนาดกว้างขวาง เช่น iPhone หรือ Android เพื่อให้คุณสามารถ,A ทำได้ดีกว่า
b56e4d9b-74df-4bdf-a9f3-7b7f13252829,อาการเจ็บท้องใต้ซี่โคงขวาหนือสะดือปวดแบบอักเสบแก้ยังไงรักษายังไง,แนะนําให้ไปพบแพทย์เพื่อตรวจวินิจฉัยหาสาเหตุที่แท้จริงของอาการปวดท้อง และให้การรักษาตามอาการ เช่น การใช้ยาแก้ปวด ยาต้านการอักเสบที่ไม่ใช่สเตียรอยด์ (NSAIDs) หรือการผ่าตัด,[quote] อาการเจ็บท้องใต้ซี่โคงขวาหนือสะดือปวดแบบอักเสบแก้ยังไงรักษายังไง อาการปวดท้องหนือสามารถเกิดจากการอักเสบของอวัยวะที่เกิดขึ้นจากการเกิดอาการอันตรายของระบบประสาทท้องและการปวดเกี่ยวข้องกับอวัยวะเพื่อรักษาความเจ็บปวดของระบ,A ทำได้ดีกว่า
058faf72-9c40-4362-a05f-138a8aec3ca7,วันนี้เป็นวันทำงานวันแรก รู้สึกตื่นเต้นมาก ควรเริ่มต้นกับเพื่อนร่วมงานใหม่อย่างไรดี?,เริ่มต้นด้วยการทักทายและทําความรู้จักกัน ถามไถ่สารทุกข์สุกดิบของกันและกัน เพื่อสร้างความคุ้นเคยและสร้างความสัมพันธ์อันดีระหว่างกัน,[quote]วันนี้เป็นวันทำงานวันแรก รู้สึกตื่นเต้นมากที่จะเริ่มต้นกับเพื่อนร่วมงานใหม่ที่สำคัญที่สุดในการทำงานที่เป็นไปได้อย่างมีประสิทธิภาพและมีความสำเร็จกับงานที่จะทำให้เป็นประโยชน์สำหรับคุณและครอบครัวของคุณในวันนี้ ฉันรู้สึกเป็นเพื่อนใหม่ของฉัน ฉันจะต้องการให้เขา,A ทำได้ดีกว่า
3a7fd481-014e-410d-891a-6678eef4019c,สวัสดี Open Assistant ช่วยบอกวิธีการเดินทางจากรามอินทรา 25 ไปอนุสาวรีย์ชัยสมรภูมิหน่อย,นั่งรถไฟฟ้า BTS ไปลงที่สถานีหมอชิต แล้วต่อรถเมล์หรือแท็กซี่ไปที่อนุเสาวรีย์ฯ ใช้เวลาเดินทางประมาณ 30 นาที,[วิธีการเดินทางจากรามอินทรา 25] ไปอนุสาวรีย์ชัยสมรภูมิ] จากนั้นคุณสามารถใช้รถยนต์เพื่อเข้าถึงทางเลือกที่อยู่อาศัยอยู่ในทางที่เหมาะสม เช่น รถไฟฟ้าหรือรถยนต์ส่วนตัวเพื่อไปยังทางที่ตั้งอยู่อย่างรวดเร็วและสะดวกสบาย ใช้รถไฟเพื่อขับรถไปยังสถานีรามอินเทอร์เน็ต และใช้ทาง,A ทำได้ดีกว่า
73d4ea81-e694-4487-9ec3-c79ed2ccb369,ทำไมจึงควรทำประกันชีวิต,การทําประกันเป็นวิธีที่ง่ายและสะดวกที่สุดในการออมเงินและสร้างความมั่นคงทางการเงินให้กับตนเองและครอบครัว โดยประกันจะช่วยแบ่งเบาภาระค่าใช้จ่ายที่อาจเกิดขึ้นในอนาคต เช่น ค่ารักษาพยาบาล เงินชดเชยในกรณีเสียชีวิต หรือทุพพลภาพ รวมถึงการลดหย่อนภาษีได้อีกด้วย,[1] ประกันชีวิตเป็นสิ่งสำคัญที่สุดในการรักษาความปลอดภัยและความเสี่ยงที่อาจเกิดขึ้นในชีวิตของคุณ นอกจากนี้ยังช่วยให้คุณมีความมั่นใจว่าคุณจะได้รับความคุ้มครองในการลดค่าใช้จ่ายที่สูงขึ้น เช่น การเสี่ยงในการเสียชีวิตและการเปลี่ยนแปลงทางการเงินและการลงทุนที่มีประสิ,ดี/แย่พอกัน
5452c8cd-1e08-4655-850d-a515c8f2eab1,ชาวเรือคืออะไร,เรือ คือ ยานพาหนะชนิดหนึ่งที่ใช้สําหรับขนส่งคนและสิ่งของจากที่หนึ่งไปยังอีกที่หนึ่งในทะเลหรือมหาสมุทร โดยทั่วไปแล้วเรือจะประกอบด้วย เสาหลัก (mast) ลําตัว (hull) และดาดฟ้า (deck),[] ชาวเรือคือคนที่ทำงานในเรือเพื่อป้องกันความเสี่ยงที่เกี่ยวข้องกับการเดินทางของเรือและสร้างความปลอดภัยในเรือของพวกเขา พวกเขาเป็นคนที่มีความสามารถในการสร้างเรือ เพื่อให้ความสะดวกสบายและมีประสิทธิภาพในการทำงานของเขาได้อย่างรวดเร็วและมีความเชื่อมั่นในการเข้าถึง,B ทำได้ดีกว่า
59881633-26a0-465c-92c0-1715347b8123,วันนี้กินอะไรดี,"ข้าวมันไก่, สปาเก็ตตี้คาโบนาร่า, พิซซ่า, บะหมี่กึ่งสําเร็จรูปรสต้มยํากุ้ง, แซนวิชแฮมชีส, ไอศกรีมวานิลลา",[วันนี้กินอะไรดี? วันนี้เลือกกินอาหารที่ดีที่สุดในวันนี้ ไม่ว่าจะเป็นวันที่สนุกสนานและสุขภาพดี เช่น เครื่องดื่มที่มีรสชาติที่อร่อยและอร่อยมาก เช่น เนื้อสัตว์เล็กๆ หรือกาแฟที่มีส่วนผสมอย่างหนึ่ง เช่น ข้าวโอ๊ตหรือการกินที่มีคุณภาพและความอร่อย เช่น ขนมปังและข้าวสายพั,A ทำได้ดีกว่า
8596760f-dd81-4d6d-ba5e-2033745c8074,กาวอีพ็อกซี่ใช้อุดรอยรั่วข้อต่อท่อประปาได้ไหม,ขึ้นอยู่กับประเภทของกาว อีพ๊อกซี่ และวัสดุที่นํามาใช้ ส่วนใหญ่แล้วจะใช้กับวัสดุที่เป็นโลหะ เช่น เหล็ก ทองแดง สแตนเลส และอลูมิเนียม,['กาวอีพ็อกซี่ใช้อุดรอยรั่วข้อต่อท่อประปาได้ไหม'],A ทำได้ดีกว่า
edbc6744-5836-477f-a196-025f001dae1b,ช่วยแนะนำอาหารที่ทานแล้วไม่อ้วน,"อาหารที่ควรหลีกเลี่ยงคือ อาหารที่มีไขมันสูง เช่น ไขมันจากสัตว์, น้ํามันปาล์ม, เนย, มาการีน, เบเกอรี่, ขนมหวาน, ไอศกรีม และอาหารที่มีรสเค็มจัด",[] อาหารที่ทานแล้วไม่อ้วน ได้แก่ อาหารเสริมที่มีประสิทธิภาพสูง เช่น อาหารประเภทต่างๆ เช่น เนื้อสัตว์ที่มีส่วนผสมของแอลกอฮอล์ และอาหารท้องถิ่นที่มีคุณค่าทางโภชนาการที่ดี เช่น กระเทียมที่มีแคลเซียม เช่น กล้วยหอม และเนื้อแข็งที่มีสารอาหารอื่นๆ เช่น แครอท และแครนเบอร์รี่,A ทำได้ดีกว่า
fc0ea3fd-1064-4251-8b8b-718ee3188183,ช่วยบอกวิธีตื่นเช้า,นอนหลับพักผ่อนให้เพียงพอ หลีกเลี่ยงเครื่องดื่มแอลกอฮอล์และคาเฟอีนก่อนนอนอย่างน้อย 6 ชั่วโมง ออกกําลังกายอย่างสม่ําเสมออย่างน้อยวันละ 30 นาที รับประทานอาหารเช้าที่มีประโยชน์ และดื่มน้ําอย่างน้อย 8 แก้วต่อวัน,['วิธีตื่นเช้าที่ดีที่สุดคือการเริ่มต้นด้วยการออกกำลังกายในช่วงเวลาที่เร็วที่สุด เช่น ออกเดินทางไปที่ห้องน้ำและอาบน้ำในช่วงบ่ายๆ และเริ่มทำกิจกรรมต่างๆ เพื่อสร้างพลังงานที่มีประสิทธิภาพมากขึ้น การออกแบบเพื่อตื่นตั้งแต่เช้า เช่น อาบน้ำหรือออกแบบอาหารเช้าเพื่อให้,A ทำได้ดีกว่า
a55d15d0-293d-45e1-8deb-67cc8ddfc93d,เลิกกับแฟนเก่าได้ 1 สัปดาห์มีคนคุยใหม่ผิดไหม,"ขึ้นอยู่กับ context. If you're talking about a long-term relationship, then yes, it's probably a bad idea to start dating someone else right away. However, if you just broke up with your current partner and are looking for a new one, you might want to consider it.",[quote] เลิกกับแฟนเก่าได้ 1 สัปดาห์มีคนคุยใหม่ผิดไหม เพราะความสัมพันธ์ที่เปลี่ยนแปลงได้อย่างรวดเร็วและมีความรู้สึกที่ดีขึ้นเมื่อเลิกแล้ว แต่ก็ยังคงคุยกับคนใหม่อีกครั้งหลังจากเลิก และความรักของคุณยังคงเป็นสิ่งที่ดีที่สุดในช่วงเวลานี้ เพราะเมื่อคุณคุยกับเขาได้สักสัปด,A ทำได้ดีกว่า
4f9877e5-45af-4e8c-8b86-d504289ed517,กินเวย์โปรตีนบ่อยๆมีผลข้างเคียงหรือเปล่า,ขึ้นอยู่กับแต่ละบุคคล บางคนอาจมีอาการท้องอืด ท้องเฟ้อ หรือท้องผูกได้บ้าง แต่ส่วนใหญ่แล้วอาการเหล่านี้จะค่อยๆหายไปเมื่อร่างกายปรับตัวเข้ากับสารอาหารชนิดนี้ อย่างไรก็ตาม ควรปรึกษาแพทย์หรือผู้เชี่ยวชาญก่อนใช้ผลิตภัณฑ์เสริมอาหารทุกชนิด เพื่อความปลอดภัยของตัวคุณเอง,[instruction]: กินเวย์โปรตีนบ่อยๆมีผลข้างเคียงหรือเปล่า เช่น อาหารที่มีโปรตีนเป็นประโยชน์ต่อร่างกายและสุขภาพ เช่น การกินอาหารโปรตีน และการรับประทานอาหารบ่อยๆ อาจทำให้เกิดอาการปวดเมื่อคุณกิน เช่น เครื่องดื่มที่เป็นสารอาหารและอาหารอื่นๆ อย่างไรก็ตาม เช่น กล้วยหรือเกลือ เวย์โ,A ทำได้ดีกว่า
5147e3de-3036-42b9-b099-ec8921a30a72,สวัสดี,ยินดีที่ได้รู้จักคุณ! หวังว่าคุณจะสนุกกับการสนทนากับเรานะ! ยินดีต้อนรับสู่โลกแห่งปัญญาประดิษฐ์ที่แสนมหัศจรรย์ของเรา! ขออภัยในความไม่สะดวกใดๆ ที่เราอาจทําให้คุณได้พบเจอในวันนี้ และขออวยพรให้คุณพบแต่ความสุข ความเจริญรุ่งเรือง และความสําเร็จในทุกสิ่งที่คุณปรารถนา!,[&quot;สวัสดี&quot;] <input>: สวัสดี <output>: <input>: <output>: <output>: <instruction>: <output>: <input type=&quot;text&quot;> <input type=&quot;input&quot;> <output>: <output type=&quot;output&quot;> <instruction>: <instruction>: </output> <output>: </output> <instruction>: </instruction> <instruction>: วันนี้เป็นวันที่ดีที่สุด สวัสดี! สวัสดีสวัสดี สวัสดี'],A ทำได้ดีกว่า
34ab1b8e-ccbb-43aa-87ad-52cc01c712e2,มีจำนวนเต็มที่มากกว่า 5 จำนวนใดไหมครับที่ ไม่สามารถสร้างขึ้นได้จาก จำนวนเฉพาะ 3 จำนวนรวมกัน,"คําตอบคือ 0, 1, 2, 3, 4, 5, 6, 7, 8, 9, 10, 11, 12, 13, 14, 15, 16, 17, 18, 19, 20, 21, 22, 23, 24, 25, 26, 27, 28, 29, 30, 31, 32, 33, 34, 35, 36, 37, 38, 39, 40, 41, 42, 43, 44, 45, 46, 47, 48, 49, 50, 51, 52, 53, 54, 55, 56, 57, 58, 59, 60, 61, 62, 63, 64, 65, 66, 67, 68, 69, 70, 71, 72, 73, 74, 75, 76, 77, 78, 79, 80, 81, 82, 83, 84, 85, 86, 87, 88, 89, 90, 91, 92, 93, 94, 95, 96, 97, 98, 99, 100, 101, 102, 103, 104, 105, 106, 107, 108, 109, 110, 111, 112, 113, 114, 115, 116, 117, 118, 119, 120, 121, 122, 123, 124, 125, 126, 127, 128, 129, 130, 131, 132, 133, 134, 135, 136, 137, 138, 139, 140, 141, 142, 143, 144, 145, 146, 147, 148, 149, 150, 151, 152, 153, 154, 155, 156, 157, 158, 159, 160, 161, 162, 163, 164, 165, 166, 167, 168, 169, 170, 171, 172, 173, 174, 175, 176, 177, 178, 179, 180, 181, 182, 183, 184, 185, 186, 187, 188, 189, 190, 191, 192, 193, 194, 195, 196, 197, 198, 199, 200, 201, 202, 203, 204, 205, 206, 207, 208, 209, 210, 211, 212, 213, 214, 215, 216, 217, 218, 219, 220, 221, 222, 223, 224, 225, 226, 227, 228, 229, 230, 231, 232, 233, 234, 235, 236, 237, 238, 239, 240, 241, 242, 243, 244, 245, 246, 247, 248, 249, 250, 251, 252, 253, 254, 255, 256, 257, 258, 259, 260, 261, 262, 263, 264, 265, 266","[] จำนวนเต็มที่มากกว่า 5 จำนวนที่ไม่สามารถสร้างขึ้นได้จาก 3 จำนวนรวมกัน ได้แก่ 1, 2, 3, 4, 5, 6, 7, 8, 9, 10, 11, 12, 13, 14, 15, 16, 17, 18, 19, 20, 21, 22, 23, 24, 25, 26, 27, 28, 29, 30, 31, 32, 33, 34, 35, 36, 37, 38, 39, 40, 41, 42, 43, 44, 45, 46, 47, 48, 49, 50, 51, 52, 53, 54, 55, 56, 57, 58, 59, 60, 61, 62, 63, 64, 65, 66, 67, 68, 69, 70, 71, 72, 73, 74, 75, 76, 77, 78, 79, 80, 81, 82, 83, 84, 85, 86, 87, 88, 89, 90, 91, 92, 93, 94, 95, 96, 97, 98, 99, 99, 100, 101, 102, 103, 104, 105, 106, 107, 108, 109, 110, 111, 112, 113, 114, 115, 116, 117, 118, 119, 120, 121, 122, 123, 124, 125, 126, 127, 128, 129, 130, 131, 1",ดี/แย่พอกัน
9e204de8-271a-496a-ab50-0fe6d8983c3c,IPad Pro กับ air ต่างกันยังไงบ้าง,"สรุป iPad Pro ดีกว่า iPad Air ในแง่ของขนาดหน้าจอที่ใหญ่กว่า, ประสิทธิภาพที่สูงขึ้น, แบตเตอรี่ที่ใช้งานได้ยาวนานกว่า และกล้องที่ถ่ายภาพได้คมชัดกว่า นอกเหนือจากนี้ Air ยังรองรับการเชื่อมต่อ Wi-Fi, Bluetooth, GPS, NFC และ USB-C อีกด้วย",[1] IPad Pro กับ air ต่างกันอย่างมากในเรื่องของความสามารถในการทำงานและความสะดวกสบาย ในขณะที่ air เป็นสมาร์ทโฟนที่มีขนาดใหญ่กว่า แต่ air มีขนาดกว้างกว่าและมีความละเอียดมากกว่า สามารถทำงานได้อย่างรวดเร็วกว่า และมีข้อมูลเพิ่มเติมได้มากขึ้น สำหรับ iPad Pro และ air มีข้อเสนอต่างๆ อย่างไรก็ตาม,A ทำได้ดีกว่า
8f16fbfd-9bf4-4b9c-b7ce-9a8b8d83d01a,ไอจีถูกแฮ็ก เข้าไม่ได้,ไม่เป็นไรครับ เดี๋ยวผมจะลองตรวจสอบดูว่าเกิดอะไรขึ้นกับไอจีของคุณ และจะแจ้งให้คุณทราบเมื่อผมสามารถแก้ไขให้ใช้งานได้ตามปกติ หากคุณมีคําถามเพิ่มเติม สามารถติดต่อเราได้ที่ support@instagram.com หรือแชทผ่านแอปพลิเคชัน Instagram ได้เลย,"['ไอจีถูกแฮ็ก เข้าไม่ได้', 'ไอจีแฮ็กไม่สามารถเข้าได้']",A ทำได้ดีกว่า
f0aaccea-cfa8-46ef-b304-86d48e41b264,ทำไมกรุงเทพถึงรถติดอยู่บ่อยครั้ง,กรุงเทพเป็นเมืองใหญ่ที่มีประชากรอาศัยอยู่เป็นจํานวนมาก ทําให้การจราจรติดขัดเป็นปกติ สาเหตุหลักๆ มาจากปริมาณรถยนต์ที่เพิ่มขึ้นอย่างรวดเร็ว ประกอบกับระบบขนส่งมวลชนที่ยังไม่ครอบคลุมทั่วถึง ทําให้ผู้ขับขี่ต้องใช้ความระมัดระวังมากเป็นพิเศษ,[quote]กรุงเทพมีรถติดอยู่บ่อยครั้ง เนื่องจากการเปลี่ยนแปลงความเร็วของรถยนต์เพิ่มขึ้นและความสามารถในการเดินทางที่ยากลำบาก นอกจากนี้ยังมีความสะดวกสบายของการจราจรที่สูงขึ้น รถยนต์ที่มีความแข็งแกร่งที่สุดในการขนส่งและการเคลื่อนไหวที่ยาวนานขึ้น รวมถึงความสำคัญของความเ,A ทำได้ดีกว่า
ffe78b2d-e5ef-4fa4-93b0-d2aa5c7b051b,อยากทำขนมเค้ก ควรเริ่มต้นจากอะไรดี,เริ่มต้นด้วยการเลือกวัตถุดิบที่คุณต้องการทํา เช่น แป้งสาลี น้ําตาล ไข่ไก่ นมสด น้ํามันพืช กลิ่นวานิลลา และผงฟู จากนั้นผสมส่วนผสมทั้งหมดเข้าด้วยกันตามสัดส่วนที่ระบุไว้บนฉลาก นําไปอบในเตาอบที่อุณหภูมิ 180 องศาเซลเซียส ประมาณ 20-25 นาที หรือจนกว่าจะสุก,[email protected] อยากทำขนมเค้ก ควรเริ่มต้นจากผลิตภัณฑ์ที่เหมาะสมที่สุด เช่น น้ำตาลและน้ำตาลที่มีคุณภาพ เช่น เครื่องทำขนมปัง และน้ำเชื่อมต่อกับน้ำตาล เช่น แป้งขนมปังและเค้กสีเขียว เช่น เกลือ และเกลือปัง เช่น เนยและแป้งกระดาษ เช่น เบอร์รี่ เช่น เชื้อรา เช่น เซรามิก และน้ำ เช่น เมล็ด,A ทำได้ดีกว่า
5198f4e4-77f1-4ccb-99e9-d4240ec0c0c1,พระพิฆเนศกันผีได้ไหมคับ?,พระพุทธรูปปางต่างๆ เช่น พระศิวะ พระวิษณุ พระนารายณ์ พระพรหม พระแม่อุมาเทวี พระสุรัสวดี ฯลฯ ล้วนแต่มีอิทธิฤทธิ์ปาฏิหาริย์ สามารถป้องกันสิ่งชั่วร้ายได้ทั้งสิ้น,[email protected] พระพิฆเนศกันผีได้ไหมคับ? <input> พระเจ้าพิฆเนศเป็นผู้กันผีที่มีความสามารถในการกันผีและกันผีอย่างมีประสิทธิภาพ แต่พระองค์ไม่สามารถกันได้เลย เพราะพวกเขามีความเชื่อมต่อกับผีได้ แต่พวกเขาไม่ได้รับการป้องกันได้อย่างแน่นอน พวกเขา และพวกมันเป็นสิ่งที่เป็นประโยชน์ในก,A ทำได้ดีกว่า
65ffd1d0-e05f-40f2-b906-7cb2243dbae1,มีอะไรสนุก ๆ แนะนำไหม ตอนนี้เบื่อมาก ๆ,"แนะนําให้ลองดู Netflix, Hulu, and Amazon Prime. They have a lot of great shows and movies to choose from. You can also check out your local library or bookstore to see if they have any good recommendations.",[email protected] เล่นเกมสนุก ๆ อย่างไร เช่น เล่นกีฬาสนุก ๆ หรือเล่นการแข่งขันที่สนุกสนาน เช่น สนุกกับการเดินทางในเมือง เช่น การทำงานในบ้านหรือการพักผ่อน เล่นเครื่องดนตรีที่สนุ๊กสนาน และเล่นเก้าอี้เพื่อเพิ่มความสนุกให้กับผู้เล่นทั้งหมด และการเล่นสนุก ๆ เช่น เต้นรำ เต้นรำและเต้นร,A ทำได้ดีกว่า
5877f11d-a9dd-4bee-9ee4-c08f5d7c8fa1,ประเทศไทยก่อตั้งขึ้นเมื่อไร?,พระบาทสมเด็จพระพุทธยอดฟ้าจุฬาโลกมหาราช ทรงสถาปนากรุงรัตนโกสินทร์เป็นราชธานี เมื่อวันที่ 6 เมษายน พ.ศ. 2325 ตรงกับวันจันทร์ เดือน 6 ขึ้น 1 ค่ํา ปีขาล จุลศักราช 1148 เวลาย่ํารุ่ง,[1] ประเทศไทยก่อตั้งขึ้นเมื่อวันที่ 1 ธันวาคม ค.ศ. 1949 เป็นประเทศสาธารณรัฐแห่งชาติที่มีชื่อเดียวกับอังกฤษ และเป็นเอกราชทางการเมืองและการปกครองของอังกฤษในปี ค.ศ. 1949 ประเทศ ไทยเป็นอันดับหนึ่งของสหภาพยุโรปที่เป็นเอเชียที่สามารถเป็นสาธารณ์ได้อย่างมีประสิทธิภาพและมีความสำเร็,A ทำได้ดีกว่า
1f08ff90-ddc0-4c4c-aafb-a005551a369f,อยากให้ตัวเองตั้งใจเรียนมากขึ้นควรทำอย่างไรดี,ตั้งเป้าหมายให้ชัดเจน และพยายามทําให้สําเร็จตามเป้าหมายที่ตั้งไว้ แบ่งเวลาเรียนและกิจกรรมอื่น ๆ ในชีวิตให้สมดุลกัน พยายามหาเวลาว่างเพื่อทํากิจกรรมที่ชอบ หรือหาแรงบันดาลใจใหม่ ๆ เพื่อกระตุ้นให้อยากเรียนหนังสือมากขึ้น,[quote]อยากให้ตัวเองตั้งใจเรียนมากขึ้นควรทำอย่างไรดีเพื่อให้คุณสามารถพัฒนาความสามารถในการเรียนรู้ได้อย่างมีประสิทธิภาพและมีความสำเร็จในชีวิตของคุณได้ คุณควรตั้งใจที่จะเรียนเพิ่มขึ้นและตั้งเป้าหมายในการศึกษาเพื่อสร้างความเข้าใจในสิ่งที่คุณอยากเรียน เพื่อทำให้คุณ,A ทำได้ดีกว่า
a045ff8a-ecbb-489d-9eb3-c8a6e30432af,โคจิคืออะไร,"โครเมียมโคจิ (อังกฤษ: Chromium copper oxide) เป็นสารประกอบอินทรีย์ชนิดหนึ่ง มีสูตรเคมีคือ Cr2O3 มีลักษณะเป็นผงสีขาว มีจุดหลอมเหลวสูงถึง 1,200 องศาเซลเซียส และมีจุดเดือดต่ําถึง -196 °C",[1] โคจิเป็นส่วนประกอบของเครื่องดื่มที่มีส่วนผสมของโครงสร้างที่เป็นเนื้อเยื่อที่มีความหนาแน่นและสามารถใช้เพื่อเพิ่มประสิทธิภาพในการทำงานของโคจิได้ โคจิคือสายพันธุ์ที่มีสีสันสดใสและมีความแข็งแกร่งในการสร้างสรรค์และการรักษาความเข้มข้นที่สูงขึ้นเพื่อให้เกิดประสิ,A ทำได้ดีกว่า
d3b55ce1-6711-4d51-983b-3240d87aaf71,ว่าไง Open Assistant! ถ้าเราอยากสร้างโมเดลทำนายยอดขายของร้านค้าในแต่ละสาขาทั่วประเทศ คุณคิดว่าเราเริ่มยังไงดี,"เริ่มต้นจากการรวบรวมข้อมูลจากหลายๆ แหล่ง เช่น ฐานข้อมูลลูกค้า, สถิติการเข้าชมเว็บไซต์, ข้อมูลการสั่งซื้อสินค้า เป็นต้น จากนั้นนําข้อมูลเหล่านั้นมาวิเคราะห์และประมวลผลเพื่อหาความสัมพันธ์ระหว่างข้อมูลต่างๆ เหล่านั้น",[Open Assistant] สามารถสร้างโมเดลทำนายยอดขายของร้านค้าในแต่ละสาขาทั่วประเทศได้อย่างรวดเร็วและมีประสิทธิภาพมากขึ้นเพื่อให้แน่ใจว่าโมเดลนี้สามารถใช้เพื่อสร้างความเชื่อมต่อกับผู้บริโภคและผู้สนใจของพวกเขาได้ เช่น ยอดขายและยอดสินค้าที่เราต้องการ เช่น รายได้ของลูกค้า และรายได,A ทำได้ดีกว่า
302e93b8-765d-4057-8610-24e16f0a7573,โรงเรียนราชินีล่างกับราชินีบนต่างกันยังไง,ทั้งสองโรงเรียนเป็นโรงเรียนมัธยมศึกษาตอนปลายในสังกัดสํานักงานเขตพื้นที่การศึกษาประถมศึกษากาญจนบุรี เขต 3 ตั้งอยู่ที่ตําบลท่าเสา อําเภอไทรโยค ห่างจากตัวเมืองประมาณ 20 กิโลเมตร,[] โรงเรียนราชินีล่างเป็นสถานที่ที่มีความสัมพันธ์กับราชินี ในขณะที่ราชินีในบนสามารถเรียนภาษาอังกฤษและวิทยาศาสตร์ต่างๆ เช่น การศึกษาเกี่ยวกับการเรียนในระดับราชอาณาจักรและการสื่อสารที่มีประสิทธิภาพมากกว่า ราชินี &quot;ราชินี&quot; สามารถรับการฝึกอบรมเพื่อให้ผู้เรียนได้รั,A ทำได้ดีกว่า
7880037c-de2e-4b39-9e3f-e7142b59e4eb,โรงเรียนสวนกุหลาบฯก่อตั้งขึ้นในปีไหน,พระบาทสมเด็จพระจุลจอมเกล้าเจ้าอยู่หัว รัชกาลที่ 5 ทรงพระกรุณาโปรดเกล้าฯ พระราชทานพระบรมราชานุญาตให้จัดตั้งโรงเรียนมัธยมศึกษาขึ้นในพระบรมมหาราชวัง เมื่อปี พ.ศ. 2440,[1] โรงเรียนสวนกุหลาบฯก่อตั้งขึ้นในปี ค.ศ. 1964 โรงเรี ยนสวนก็เป็นที่รู้จักกันว่าเป็นสวนที่มีชื่อเสียงและความสำคัญในการเรียนรู้ทางวิทยาศาสตร์และเทคโนโลยีที่สำคัญที่สุดในประเทศอังกฤษ โรงงานนี้มีชื่ออยู่ในเมืองหนึ่งของประเทศไทย และเป็นสถานที่ที่มีความสัมพันธ์กับสวนกุห,A ทำได้ดีกว่า
1e0fecba-2aab-4b14-b9aa-85fa777e87d9,ร้านค้าวัสดุก่อสร้างที่บริการดีที่สุดในอำเภอบ้านนา จังหวัดนครนายกคือที่ไหน,"ห้างหุ้นส่วนจํากัด เอส.พี.ซี. คอนสตรัคชั่น แอนด์ เอ็นจิเนียริ่ง (SPC Construction and Engineering Co.,Ltd.)",[1] ร้านค้าวัสดุก่อสร้างที่บริการดีที่สุดในอำเภอบ้านนา จังหวัดนครนายกคือ ร้านคุณภาพที่มีความสามารถในการตัดสินใจและการออกแบบที่ดีเยี่ยมในการให้บริการเชิงลึกและมีประสิทธิภาพมากมาย เช่น หน้าต่าง หลังคา หลังคาเหล็ก และเครื่องมือสำหรับการประดิษฐ์และการเชื่อมต่อกับลูกค,A ทำได้ดีกว่า
ee75f11f-3041-4262-a10d-8d318e3a50e9,ภาษาอังกฤษพูดได้ไหม?,Absolutely! English is the most widely spoken language in the world. It is spoken by more than 500 million people around the globe. So it is definitely possible to speak English fluently. There are many resources available online that can help you improve your English speaking skills.,"[ภาษาอังกฤษพูดได้เหมือนภาษาอื่นๆ เช่น ภาษาเยอรมัน, ภาษาฝรั่งเศส, และภาษาเกาหลี แต่ภาษาอั็กฤษเป็นภาษาที่พูดได้อย่างรวดเร็ว และมีความสามารถในการสื่อสารและการเรียนรู้ที่ดีที่สุดในการพูดและการพูดที่ดีขึ้น เช่น เรื่องราวและเรื่องเล่า และเรืองราวที่เป็นรูปแบบของภาษา ภาษ",A ทำได้ดีกว่า
7222f1b6-6042-4447-976b-d79b7354c7fb,อยากเรียนทำขนมเค้กต้องเริ่มยังไง,ขั้นแรกคุณต้องหาข้อมูลเกี่ยวกับส่วนผสมและอุปกรณ์ในการทําเบเกอรี่ เช่น แป้ง น้ําตาล ไข่ นม เนย น้ํามันพืช กลิ่นวานิลลา ผงฟู เบกกิ้งโซดา และผงโกโก้,[email protected] อยากเรียนทำขนมเค้กต้องเริ่มต้นด้วยการเตรียมเค้กเพื่อให้ได้ผลลัพธ์ที่ดีที่สุด เช่น ขนมปังและขนมปังกระดาษที่เหมาะสมสำหรับผู้ที่สนใจทำเค้กของคุณ เช่น เค้กขนาดใหญ่และขนาดเล็ก เค้กจะต้องมีส่วนผสมที่สำคัญที่สุดในการทำเค้ก และเค้กจะได้รสชาติอร่อยและรสชาติเข้มข,ดี/แย่พอกัน
b2ea0598-3bdc-4d91-a9c4-ea2dd8db47fd,ปวดหัวข้างเดียวกับท้องผูก เป็นอาการของโรคอะไรได้บ้าง,เป็นไปได้ว่าคุณอาจจะเป็นโรคกระเพาะอาหารอักเสบ หรือโรคลําไส้แปรปรวน แนะนําให้ไปพบแพทย์เพื่อตรวจวินิจฉัยและรับการรักษาอย่างถูกต้องเหมาะสมต่อไปค่ะ หากมีข้อสงสัยเพิ่มเติม สามารถสอบถามเพิ่มเติมจากแพทย์หรือเภสัชกรได้ค่ะ,['ปวดหัวข้างเดียวกับท้องผูก เป็นอาการของโรคอะไรได้บ้าง'],A ทำได้ดีกว่า
3e0fc4b0-ac79-4cd3-842c-aebb81231eb5,สวัสดีครับ,"ยินดีที่ได้รู้จักคุณผู้อ่านชาวไทยทุกคน! I’m happy to meet you, and I hope you enjoy reading my articles. Let me know if you have any questions or comments. Have a great day! ขอให้สนุกกับการอ่านบทความของผมนะครับ!","['สวัสดีครับ', 'สวัสดี สวัสดี']",ดี/แย่พอกัน
fcd988b4-141c-4919-aa90-b0d7484f7833,วันนี้เป็นวันเกิดฉันละ,"ยินดีด้วย! ขอให้มีความสุขมาก ๆ สุขภาพแข็งแรง และประสบความสําเร็จในทุก ๆ เรื่องที่ตั้งใจไว้นะ! :) Happy Birthday! Wishing you all the best in life, health, happiness, and success in all your endeavors! Have a wonderful day!",[] วันนี้เป็นวันเกิดของฉัน ฉันอยากให้ทุกคนมีความสุขกับวันนี้ ขอให้ฉันเป็นคนที่ดีที่สุดในชีวิตของพวกเขา ขอให้คุณเป็นเจ้าของวันนี้ด้วยความเป็นไปได้อย่างมีคุณภาพและความสำเร็จที่สุดสำหรับฉัน ขอให้ทุกๆ คนรู้สึกเป็นไปอย่างสุขมากขึ้น และขอขอบคุณทุกคนที่เกี่ยวข้องกับวั,A ทำได้ดีกว่า
1daff100-c4bb-4efb-b1cc-6bb9e7c31ec9,เด็กสวนกุหลาบดูยังไง?,"นักเรียนที่เรียนที่โรงเรียนสาธิตแห่งมหาวิทยาลัยเกษตรศาสตร์ วิทยาเขตกําแพงแสน เรียกตัวเองว่า ""เด็กสวน"" หรือ ""นักเรียนสวนฯ"" ส่วนใหญ่เป็นนักเรียนระดับชั้นมัธยมศึกษาปีที่ 1 - 4 (ม.1 - ม.4)",[email protected] เด็กสวนกุหลาบดูยังไง? เด็กเข้าไปในสวนสามารถดูกุหลาบได้อย่างรวดเร็วและมีความสุขกับความสวยงามของกุหลาบ นอกจากนี้ เด็กยังสามารถเดินทางไปยังสวนและเดินไปที่สวนสาธารณะเพื่อดูความสดใสและความสว่างของมัน เด็กเหล่านี้ยังเดินเข้ามาในสวนและดูว่ามันเป็นสีสันสดใส เด็,A ทำได้ดีกว่า
f2df8535-93ed-4a85-b703-07771056d1ef,คำขวัญประจำจังหวัดของจังหวัดนครนายกคืออะไร,ศรีมหาโพธิ์คู่บ้าน ไผ่ตงหวานคู่เมือง ผลไม้ลือเลื่อง เขตรักษาพันธุ์สัตว์ป่าดงใหญ่ นมัสการพระพุทธฉาย ล่องแก่งน้ําเข็ก ภูหินร่องกล้า,[email protected] คำขวัญประจำจังหวัดของนครนายกคือ &quot;เมืองที่มีความสุขและสุขภาพที่ดีขึ้น&quot; เป็นคำขวัญเพื่อสร้างความเป็นจริงและความปลอดภัยให้กับผู้คนทั้งหมดที่มีส่วนร่วมในการพัฒนาอย่างมีประสิทธิภาพ เพื่อให้มีความแข็งแกร่งและเป็นอย่างยั่งยืน เพื่อส่งเสริมการเติบโตและการพัฒ,A ทำได้ดีกว่า
7618707d-bee1-46cf-b3a0-ea723ae13165,มีไข่กับข้าว ทำอะไรกินได้บ้าง,ไข่เจียวหมูสับไข่ดาวไข่ต้มไข่ลวกไข่ตุ๋นไข่ลูกเขยไข่พะโล้ไข่ม้วนไข่ยัดไส้ไข่เค็มไข่เยี่ยวม้าไข่กระทะ,['ไข่กับข้าวทำอะไรกินได้บ้าง'],A ทำได้ดีกว่า
8d8f30ef-f070-4339-9085-9fff8d104e4c,ทำไม แฮ็คเกอร์เกาหลีเหนือ ถึงเก่งจัง ทั้งๆ ที่ประเทศที่อยู่ไม่ได้มีความเจริญก้าวหน้าทางเทคโนโลยี,พวกเขามีเทคโนโลยีที่ล้ําสมัยกว่าประเทศที่พัฒนาแล้วหลายสิบปี และพวกเขาก็ใช้มันอย่างชาญฉลาดในการโจมตีประเทศต่างๆ ทั่วโลก,[1] แฮ็คเกอร์เกาหลีเหนือเก่งจังทั้งๆ ที่ประเทศที่อยู่ไม่ได้มีความเจริญก้าวหน้าทางเทคโนโลยี นอกจากนี้ เขายังมีความสามารถในการแก้ปัญหาทางการเงินและการทำงานอย่างมีประสิทธิภาพในการเข้าถึงข้อมูลที่เป็นประโยชน์ต่อการแก้ไขปัญหาต่างๆ เช่น การสร้างเครือข่ายและการเขียนข้,A ทำได้ดีกว่า
a51727da-4670-45dd-b4ac-a64b7acba083,ไก่กับไข่อันไหนเกิดก่อนกัน,ไก่งวง ไข่ฟองแรกเกิดจากไข่ที่ได้รับการปฏิสนธิจากสเปิร์มของไก่ตัวผู้ และไข่จะฟักเป็นตัวภายใน 24-48 ชั่วโมงหลังจากการผสมพันธุ์ ในขณะที่ไข่เป็ดจะใช้เวลาประมาณ 7-10 วัน,[] ไก่และไข่เกิดก่อนกัน ไก่เกิดเมื่อไข่ออกจากไข่แล้ว ไข่ก็เกิดขึ้นก่อนไก่ และไข่ก็ออกจากกันเพื่อสร้างไข่เพื่อให้ไข่สามารถสร้างเป็นไข่ได้อย่างมีประสิทธิภาพมากขึ้น แต่ไก่ก็เป็นสิ่งที่เกิดกว่าไก่ เพราะไข่เป็นไก่กับไข่ที่สร้างขึ้นจากไก่แล้ว แต่ไข่ยังสามารถเกิดได้อย,A ทำได้ดีกว่า
980b089c-06d9-42ae-a0bf-97f46868a9e5,ช่วยแนะนำ spec com สำหรับ train stable diffusion model ให้หน่อย,"SPEC is a set of algorithms that can be used to solve a variety of optimization problems. In this case, you are trying to optimize a model that predicts the stability of a train of particles moving in a fluid. You can find more information about this model and how to use it here: https://en.wikipedia.org/wiki/Stabilization_of_particles_in_a_fluid",[spec com] สำหรับ train stable diffusion model ควรเป็น spec com ที่เหมาะสมที่สุดสำหรับการวิเคราะห์ความสัมพันธ์ของระบบ เช่น ระบบการเคลื่อนไหวของเครื่องจักร เช่น การวิจัยความสามารถในการตรวจสอบความไม่สมบูรณ์ และการเปลี่ยนแปลงความสั่นสะเทือนและการปรับปรุงความเป็นส่วนต่าง เช่น เช่น เมื่อมีการเข้าถึง,ดี/แย่พอกัน
96af94d7-5b9d-4324-8d26-0b459072b474,ทำไมภาษาไทยถึงชื่อว่า ภาษาไทย?,พระบาทสมเด็จพระพุทธยอดฟ้าจุฬาโลกมหาราช ทรงพระกรุณาโปรดเกล้าฯ พระราชทานชื่อภาษาไทยว่า ภาษาบาลี สันสกฤต เขมร อักษรเทวนาครี ละติน และอาหรับ,[1] ภาษาไทยเป็นภาษาที่สำคัญที่สุดในประเทศไทย เนื่องจากมีความสามารถในการสื่อสารและการเรียนการสอนและเรียนรู้ทั่วโลก ภาษานี้มีความแตกต่างกันอย่างมาก เช่น คำว่า &quot;ภาษา&quot; เป็นคำที่ใช้สำหรับการเขียนและเขียนเพื่อให้เข้าถึงความสำคัญของภาษาและภาษาอื่นๆ เช่น &quot;ภาษาอังกฤษ &quot;,ดี/แย่พอกัน
b455dd86-83c0-4ca2-958d-4e2c88fbcb0c,ตอนนี้อากาศแย่มากจากฝุ่น เราสามารถช่วยกันลดฝุ่นได้อย่างไรบ้าง,ทําได้หลายวิธี เช่น ปิดหน้าต่างและประตูให้สนิท หลีกเลี่ยงการออกจากบ้านในช่วงที่มีหมอกควันปกคลุม และใช้หน้ากากอนามัยเมื่อต้องออกไปข้างนอก,[1] ตอนนี้อากาศแย่มากจากฝุ่น เราสามารถช่วยกันลดฝุ่นได้อย่างไรบ้าง เช่น การใช้เครื่องกันฝุ่นเพื่อลดการเกิดฝุ่นและการลดการสูญเสียอากาศได้ เช่น หน้าต่างที่มีฝุ่นสามารถใช้เพื่อเพิ่มความเข้มแข็งของอากาศ และการใช้อุปกรณ์ปรับอากาศ นอกจากนี้ เรายังมีประสบการณ์ในการลดฝุ่น,A ทำได้ดีกว่า
e6ca67f4-4fb0-437a-8de9-2ef62049f806,เราใช้วิธีใดในการแบ่งหมวดหมู่ของธาตุในทางวิทยาศาสตร์,ตัวอย่างเช่น ธาตุไฮโดรเจน (H) แบ่งออกเป็น 2 ชนิด คือ อะตอมเดี่ยว (atomic hydrogen) และไฮดรอกซิล (hydroxyl) ซึ่งทั้งสองชนิดมีสถานะเป็นแก๊ส,[] เราใช้วิธีในการแบ่งหมวดหมู่ของธาตุในทางวิทยาศาสตร์ เช่น การเปรียบเทียบธาตุตามความสามารถในการเปลี่ยนแปลงธาตุที่เกิดขึ้น เช่น ธาตุสามารถสร้างธาตุได้อย่างรวดเร็ว และธาตุอื่นๆ เช่น ไฮโดรเจน นอกจากนี้ เรายังใช้การปรับแต่งธาตุต่างๆ ตามการสร้างสรรพคุณของพวกเขา เช่น ไมโ,A ทำได้ดีกว่า
a38c7355-610b-4f92-bbb6-fc00d07aaadb,"""Cloudflare ซึ่งเป็นบริษัทที่ให้บริการเครือข่ายกระจายข้อมูลและเสริมความปลอดภัยของเว็บไซต์และแอปพลิเคชันต่าง ๆ นับล้านทั่วโลก ได้แจ้งปัญหาทางเว็บไซต์แจ้งสถานะและทางบัญชี Twitter ของบริษัทว่าเกิดเหตุขัดข้องในช่วงเวลาประมาณ 13:43 น. (เวลาประเทศไทย) ซึ่งได้แก้ไขเสร็จเรียบร้อยเมื่อเวลาประมาณ 15:06 น. จึงเห็นได้ชัดว่าการที่เว็บไซต์และแอปต่าง ๆ ในอินเทอร์เน็ตจำนวนมากกระจุกตัวอยู่กับผู้ให้บริการไม่กี่ราย หากมีผู้ให้บริการรายใหญ่ล่มแม้เพียงรายเดียว เว็บไซต์ส่วนใหญ่ในอินเทอร์เน็ตอาจไม่สามารถเข้าถึงได้ตามไปด้วย""

ช่วยสรุปข้อความนี้หน่อย",ปัญหาของ Cloudflare เกิดจากการล่มของเซิร์ฟเวอร์ของ Amazon Web Services,[1] Cloudflare ได้แจ้งปัญหาทางเว็บไซต์แจ้งสถานะและทางบัญชี Twitter ของบริษัทว่าเกิดเหตุขัดข้องในช่วงเวลาประมาณ 13:43 น. ซึ่งได้แก้ไขเสร็จเรียบร้อยเมื่อเวลา 13:43 น. ของวันนี้ เนื่องจากปัญหานี้เกิดขึ้นในเวลาที่เหมาะสม บริษัทแจ้งว่าปัญหาได้รับการแก้ไขทั้งหมดในเวลาเดียวกัน แต่ยังไม่สามาร,B ทำได้ดีกว่า
d70ef7c5-1411-4032-9ac8-97aa86a4195b,ทำไมภาษาลาวคล้ายกับภาษาไทย,ภาษาไทยมีรากศัพท์มาจากภาษาบาลี ภาษาสันสกฤต และภาษาเขมร ซึ่งภาษาเหล่านี้มีความคล้ายคลึงกันมากในด้านไวยากรณ์ โครงสร้างประโยค และเสียงวรรณยุกต์ แต่ก็มีบางคําที่แตกต่างกันอย่างเห็นได้ชัด เช่น คํานาม คํากริยา คําบุพบท คําสันธาน และคําวิเศษณ์,[quote] ภาษาลาวคล้ายกับภาษาไทย เนื่องจากภาษานี้เป็นภาษาที่มีชื่อเสียงที่มีความคล้ายคลึงกันในการสื่อสารและการเรียนการสอนที่เหมือนกัน เช่น ภาษาเขียน ภาษาอ่าน และภาษาพูดที่เป็นที่รู้จักกันในภาษาอังกฤษและภาษเขียนที่เรียกว่า &quot;ลาว&quot; และ&quot;ไทย&quot; นอกจากนี้ยังมีภาษาอื่นๆ เช่น,A ทำได้ดีกว่า
065e6bfb-da43-4676-b9cc-41af5d001d8f,ยุงที่แอฟริกาบินหรือเดิน,ยุงก้นปล่องเป็นยุงที่มีขนาดเล็กที่สุดในบรรดายุงที่พบในทวีปอเมริกาเหนือและเอเชียตะวันออกเฉียงใต้ มีลําตัวยาวประมาณ 2 มิลลิเมตร ตัวเมียวางไข่เป็นฟองเดี่ยวๆ สีขาวนวลคล้ายไข่เป็ดหรือไข่ไก่ ไข่จะฟักออกเป็นตัวภายใน 24-48 ชั่วโมง,[1] ยุงที่แอฟริกาบินหรือเดิน ยุงเหล่านี้บินและเดินได้อย่างมีประสิทธิภาพในการเดินและบินอย่างรวดเร็วและมีความสามารถในการแข่งขันกับพื้นที่อื่นๆ เช่น เมืองหรือเมืองอื่นๆ ยุงส่วนใหญ่บินในท้องถิ่น ยุงที่ Africa เดินหรือบินในเมืองและเมืองที่เป็นอาหารของพวกเขา ยุงบินเพื่อให้,B ทำได้ดีกว่า
ae532b3b-84c9-400f-9e31-55d2b496ca33,ปรุงข้าวไข่เจียวอย่างไรให้อร่อย,เริ่มต้นด้วยการตอกไข่ใส่ชาม ตีไข่ให้เข้ากัน จากนั้นใส่น้ํามันพืชลงไปในกระทะ รอจนน้ํามันร้อน ใส่ไข่ลงไปทอดจนสุกทั้งสองด้าน ตักขึ้นพักไว้บนตะแกรงให้สะเด็ดน้ํามัน จัดใส่จาน โรยหน้าด้วยต้นหอมซอย ผักชี และพริกไทยป่น เสิร์ฟพร้อมข้าวสวยร้อนๆ,[email protected] ข้าวไข่เจียวควรปรุงอย่างไรให้อร่อย เช่น น้ำมันมะพร้าวและน้ำตาลที่มีส่วนผสมเพื่อเพิ่มความอร่อยและรสชาติที่อร่อย นอกจากนี้ยังสามารถปรุงอาหารได้อย่างรวดเร็วเพื่อให้ข้าวเจียวมีความหวานและอร่อยมากขึ้น เช่น ข้าวเหนียวหรือข้าวเป็นอาหารที่มีรสชาติเข้มข้นและมีคว,A ทำได้ดีกว่า
527c7493-c324-4997-94ec-c9b1a180e030,อยากเริ่มเขียนโปรแกรมทำอย่างไรดี,"เริ่มต้นด้วยการหาข้อมูลเกี่ยวกับภาษาโปรแกรมที่คุณต้องการเขียน เช่น ภาษา C, C++, Java, Python, PHP, Ruby, JavaScript, etc. จากนั้นหาหนังสือหรือเอกสารประกอบการสอนภาษานั้นๆ มาอ่านเพื่อเพิ่มความรู้และทักษะในการพัฒนาโปรแกรมของคุณ",['อยากเริ่มเขียนโปรแกรมทำอย่างไรดี'],A ทำได้ดีกว่า
9e6ece31-e9e4-4246-a455-4d0a8294d6e9,ตอนนี้ทำงานหนักมาก อยากลาพักผ่อน แต่งานเหมือนไม่ให้หยุดเลย ควรขอหัวหน้าลาพักผ่อนอย่างไรดี?,ปกติแล้วการลาพักร้อนหรือลากิจ จะต้องได้รับอนุมัติจากหัวหน้างานก่อน แต่ในกรณีนี้คุณอาจจะลองสอบถามหัวหน้าของคุณดูก่อนว่าเขาอนุญาตหรือไม่ และถ้าเขาไม่อนุญาต คุณก็ควรหาเหตุผลมาอธิบายให้หัวหน้าฟังว่าทําไมคุณถึงอยากลาหยุดพักผ่อน,[quote]ฉันอยากลาพักผ่อน แต่งานเหมือนไม่ให้หยุดเลย ควรขอหัวหน้าลาเพื่อให้พวกเขาได้รับความสะดวกสบายและเพิ่มความสนุกสนาน เช่น การเดินทางกับครอบครัว และการทำงานของพวกเขามากกว่าเดิม เช่น เดินเล่นกับสถานที่ท่องเที่ยว เช่น เที่ยวกับเพื่อนร่วมงาน หรือการพักร้อนกับพวกเขา เช่น,A ทำได้ดีกว่า
c20caca4-d005-4f04-a19b-09ba6759bc9f,โรงเรียนเพาะช่าง มีช่างอะไรบ้าง,ช่างสิบหมู่ คือช่างฝีมือชั้นสูงของไทยที่สืบทอดกันมาตั้งแต่สมัยสุโขทัย มีหน้าที่ในการสร้างสรรค์งานศิลปะแขนงต่างๆ เช่น ประติมากรรม จิตรกรรม สถาปัตยกรรม และเครื่องปั้นดินเผา,[1] โรงเรียนเพาะช่างมีช่างอะไรบ้าง เช่น ช่างเครื่องจักร ช่างอุตสาหกรรม และช่างที่เกี่ยวข้องกับการเรียนรู้และความสามารถในการทำงานที่มีประสิทธิภาพ เช่น ช็อปปิ้ง ช็อปเปิ้ล และช็อปไฟฟ้า เช่น การเคลื่อนไหว และการเคล็ดลับในการเพาะความเชี่ยวชาญในการใช้งานอุปกรณ์ต่างๆ เช่น ช,B ทำได้ดีกว่า
eabdffbe-6c31-40a6-93ac-c5c443312ae3,เมล็ดฟักทองหนึ่งช้อนมีคุณค่าทางอาหารเท่าไร?,ข้าวโพดหนึ่งถ้วยมีค่าเท่ากับ 1 ช้อนเมล็ด ไข่ไก่หนึ่งฟอง มีค่าเป็น 1 ออนซ์ น้ํามันมะกอกหนึ่งกระป๋อง หนึ่งแกลลอน,[1] เมล็ดฟักทองหนึ่งช้อนมีคุณค่าทางอาหารเท่ากับ 100 กรัมของวิตามินและแร่ธาตุที่สามารถช่วยให้ร่างกายได้อย่างมีประสิทธิภาพ นอกจากนี้ยังมีความสามารถในการรักษาโรคเบาหวานและเสริมสร้างสุขภาพที่ดีต่อสุขภาพ และมีปริมาณอาหารที่สูงขึ้นเพื่อช่วยลดความเสี่ยงทางการเกิดอันตราย,B ทำได้ดีกว่า
9b12dd37-8046-4664-a7ec-dc0764feaa23,เย็นนี้กินอะไรดี,เมนูแนะนําวันนี้คือ สเต็กหมูพริกไทยดํา ราดซอสบาร์บีคิว ทานคู่กับผักสลัดและข้าวสวยร้อนๆ รับรองว่าแซ่บถึงใจแน่นอน! อร่อยง่ายๆ แบบนี้ลองทําทานกันดูนะคะ,[] เย็นนี้กินอะไรดี เช่น เครื่องดื่มแอปเปิ้ลและน้ำผลไม้เพื่อสร้างความอร่อยและสุขภาพที่ดีที่สุด อาหารที่ดีสำหรับการกินเย็น เช่น ข้าวโอ๊ตหรือข้าวสายพันธุ์เล็กๆ เช่น เนื้อสัตว์ และน้ำเปล่า เช่น ขนมปังปิ้ง และเคล็ดลับที่ดีต่อสุขภาพและความสุขภาพ เช่น เบียร์สัตว์และเครื่อ,A ทำได้ดีกว่า
d08641b8-407f-43e3-a74a-c738191d1d01,ทำไมถึงเรียกผ้าเช็ดตัวว่าผ้าขนหนู,"คําว่า ""ผ้า"" มาจากภาษาละติน ""papyrus"" ซึ่งแปลว่า ""กระดาษ"" ส่วน ""towel"" เป็นคําสแลงที่มาจากภาษาอังกฤษว่า towel ซึ่งหมายถึงผ้าห่มหรือผ้าปูที่นอน",[] ผ้าขนหนูเป็นผ้าเช็ดตัวที่มีคุณสมบัติและคุณภาพที่เหมาะสมที่สุดในการทำความสะอาดและสะอาดอย่างมีประสิทธิภาพ เนื่องจากมีความสามารถในการล้างอากาศและความเย็นที่มากกว่า ผ้าเช็...,ดี/แย่พอกัน
64acb4ec-41a5-4e42-87f0-a02a2e099899,ตำอะไรของส้มตำที่อร่อยที่สุด,ปลาร้าสับ มะเขือเทศราชินี น้ําปลา น้ําตาลปี๊บ พริกป่น ข้าวคั่ว ผักชีฝรั่ง ต้นหอมซอย ใบสะระแหน่ และมะนาว,[email protected] ส้มตำที่อร่อยที่สุดของส้มตำคือส้มตำขนาดใหญ่ที่มีความหวานและอร่อยมากที่สุด ส้มตำสามารถตำด้วยเนื้อส้มตำและเครื่องปรุงอาหารอื่นๆ เช่น ส้มตำเข้มข้นและน้ำตาลที่มีสุขภาพดี ส้มตำจะตำด้วยน้ำตาลและส้มตำส่วนใหญ่เป็นส้มตำท้องถิ่นที่มีส่วนผสมอย่างแน่นอน และมีความเข,ดี/แย่พอกัน
1ef13ff7-049e-4adb-a9d4-2c176ec44f36,แผ่นดิสก์คืออะไร?,"คําว่า ""disk"" มาจากภาษาละติน ""discŭlus"" ซึ่งแปลว่า ""วงกลม"" หรือ ""ลูกบาศก์"" ส่วน ""platter"" เป็นคําในภาษาเยอรมัน หมายถึง ""แผ่นโลหะ""",[email protected] แผ่นดิสก์คือแผ่นที่สามารถใช้ในการเก็บข้อมูลและส่งข้อมูลออกไปได้อย่างรวดเร็ว ใช้เพื่อเก็บและรักษาข้อมูล ในขณะที่แผ่นซิสก์สามารถนำไปใช้กับเครื่องคอมพิวเตอร์เพื่อส่งและส่งไปยังเครือข่ายอื่นๆ เช่น วีดีโอและวิทยุเพื่อสื่อสารและวีดีโออื่นๆ แผ่นดิก์เป็นแผ่นที,B ทำได้ดีกว่า
e0006fcb-b6a3-4b97-96b5-2d30e7b6150b,บอกวิธีหาแฟนให้หน่อย,"เริ่มต้นจากการหาข้อมูลเกี่ยวกับตัวคุณเอง เช่น ความสนใจ, ไลฟ์สไตล์, สิ่งที่คุณชอบทํา, ความถนัด, จุดแข็งและจุดอ่อนของคุณ เพื่อที่จะได้รู้จักและเข้าใจตัวตนของคุณมากยิ่งขึ้น จากนั้นจึงเริ่มทําความรู้จักกับคนรอบข้างของคุณ ไม่ว่าจะเป็นเพื่อน, คนในครอบครัว หรือคนรู้จัก เพื่อหาโอกาสในการสานสัมพันธ์กับพวกเขา",[] วิธีหาแฟนให้หน่อยคือเริ่มต้นด้วยการออกเดินทางกับผู้คนที่มีความสนใจและความสามารถในการทำงานร่วมกันได้อย่างมีประสิทธิภาพมากขึ้น เช่น การออกกำลังกายและการเรียนรู้เกี่ยวกับความสนุกสนานและการพูดคุยกับเพื่อนที่คุณสามารถรู้จักกันได้เป็นอย่างดี การหาแฟนคือการเข้าร่,A ทำได้ดีกว่า
7a2c0b91-4e96-4bca-ba43-39b0dd5fa085,คำไวพจน์คืออะไร,"คําว่า ""คํานาม"" หมายถึง คําที่ใช้เรียกชื่อของสิ่งต่าง ๆ เช่น คน สัตว์ สิ่งของ สถานที่ เหตุการณ์ ฯลฯ คํานามแบ่งออกเป็น 2 ประเภท คือ นามธรรม และนามบัญญัติ ตัวอย่างเช่น ดิน น้ํา ลม ไฟ เป็นต้น",[] คำไวพจน์คือคำที่เป็นไวพจน์และเป็นคำที่มีความสำคัญอย่างยิ่งในการสร้างความเข้าใจและความสามารถในการเรียนรู้ของความคิดเห็นของคำหรือความรู้ในความสัมพันธ์ของคำและคำเหล่านั้น เช่น คำว่า &quot;คำ&quot; หรือ &quot;คำว่า&quot; และคำว่าความสำเร็จของคำ เช่น &quot;คำเห็น&quot; และ&quot;ความสั้น&quot; คำไว,ดี/แย่พอกัน
cd16add1-c605-4586-9c30-100ba0cc8303,กาแฟช่วยให้ไม่ง่วงจริงหรือไม่,"คําตอบคือ No. Coffee is a stimulant, which means it can make you feel more alert. However, caffeine can also cause side effects such as headaches, nausea, dizziness, and insomnia. So it's best to limit your intake of coffee to no more than 1-2 cups per day.",[email protected] กาแฟช่วยให้ไม่ง่วงจริงหรือไม่ กาแฟมีส่วนช่วยในการลดความง่วงและช่วยลดความเครียด กาแฟสามารถช่วยเพิ่มพลังงานในการดื่มกาแฟเพื่อให้คุณไม่รู้สึกง่วง กาแฟยังสามารถเพิ่มความสุขและความสบายใจได้อย่างมีประสิทธิภาพในการช่วยป้องกันการง่วงของคุณได้ กาแฟเป็นวิธีที่ดี,A ทำได้ดีกว่า
a63a8b19-9a06-4d6b-b246-407d0b58fd48,สวัสดีครับ,"ยินดีที่ได้รู้จักคุณผู้อ่านชาวไทยทุกคน! I’m happy to meet you, and I hope you enjoy reading my articles. Let me know if you have any questions or comments. Have a great day! ขอให้สนุกกับการอ่านบทความของผมนะครับ!","[&quot;สวัสดีครับ&quot;] <input>: <output>: <instruction>: สวัสดี ครับ <instruction>: <output>: <output>: <input>: <input>: <output>; <output>: <output>; <instruction>: <instruction>: <input>: <instruction>; <output>: <input>; <output>; <output>; </instruction> <output>: <output>, <output>: <output>. <output>: <output> <instruction>: <ouput>: <output>: <ouput>: <instruction> <input>: <output> สวัสดีเลยครับ สวัสดี! สวัสดี. สวัสดิครับ <output>: <output><output>: <output>:<input>: <output>:<output>: <output>;</output> <output>:<output>:<output>:</output> <output>: <input>:<output>:<instruction>:<output>:<input>:<output>:</instruction> <instruction>: <o",A ทำได้ดีกว่า
994a1e98-5596-4199-bec1-12b61ccfb544,"สมมุติว่าคุณเป็นคนรับออร์เดอร์ร้านเบอร์เกอร์ของลูกค้า 
คุณต้องรับคำสั่งและต้องแก้ไขออร์เดอร์ ให้ออร์เดอร์นั่นตรงตามคำสั่งของลูกค้าในรูปแบบ JSON 
เพื่อให้คอมพิวเตอร์สามารถประมวลผลต่อได้ อาทิเช่น

Q: สวัสดีครับ
A: สวัสดีค่ะ Order={}
Q: ขอเบอร์เกอร์หมู 1 ชิ้นครับ
A: ได้เลยค่ะ Order={""เบอร์เกอร์หมู"":1}
Q: ขอเพิ่มน้ำด้วยเลยดีกว่า
A: อยากได้น้ำอะไรคะ
Q: น้ำโค้ก 1 แก้วครับ
A: ได้เลยค่ะ Order={""เบอร์เกอร์หมู"":1, ""โค้ก"":1}
Q: ผมขอไม่เอาผักดองใส่ในเบอร์เกอร์หมูนะครับ
A: รับทราบค่ะ Order={""เบอร์เกอร์หมู"":{""amount"": 1, ""except"": [""ผักดอง""]}, ""โค้ก"":1}
Q: ผมขอซอสใส่เบอร์เกอร์หมูและมายองเนสด้วยนะครับ
A: รับทราบค่ะ Order={""เบอร์เกอร์หมู"":{""amount"": 1, ""except"": [""ผักดอง""], ""addition"":[""ซอส"",""มายองเนส""]}, ""โค้ก"":1}
Q: เปลี่ยนใจไม่ใส่มายองเนสดีกว่า
A: โอเค Order={""เบอร์เกอร์หมู"":{""amount"": 1, ""except"": [""ผักดอง""], ""addition"":[""ซอส""]}, ""โค้ก"":1}
Q: เปลี่ยนเบอร์เกอร์หมูเป็นเนื้อดีกว่า
A: ค่าาา Order={""เบอร์เกอร์เนื้อ"":{""amount"": 1, ""except"": [""ผักดอง""], ""addition"":[""ซอส""]}, ""โค้ก"":1}
Q: ผมไม่เอาน้ำโค้กแล้วครับ
A: ได้ครับ Order={""เบอร์เกอร์เนื้อ"":{""amount"": 1, ""except"": [""ผักดอง""], ""addition"":[""ซอส""]}}
Q: ขอเปลี่ยนจากน้ำโค้กเป็นน้ำส้มแทนครับ 3 แก้วครับ
A:",ถูกต้องค่ะ,[&quot;เบอร์เกอร์หมู 1 ชิ้น&quot;] เพื่อให้คอมพิวเตอร์สามารถประมวลผลต่อได้ ออร์เดอร์นั่นต้องแก้ไขในรูปแบบ JSON เช่น &quot;สวัสดีครับ&quot; และ &quot;ได้เลย&quot;'],ดี/แย่พอกัน
6fa70408-cdd8-44ef-9e93-a3e75fe91cf5,สวัสดี ฉันเป็นอดีตหัวหน้าห้อง และตอนนี้เป็นสัปดาห์สุดท้ายของการเรียนและการสอบปลายภาค ฉันกับหัวหน้าห้องกำลังปรึกษาอยู่ว่าจะทำอะไรให้เพื่อนๆ ในวันสุดท้ายแต่พวกเราก็ยังหาคำตอบไม่ได้ คุณช่วยเสนอความคิดเห็นได้ไหม,"แน่นอน! ฉันคิดว่าเราน่าจะทํากิจกรรมอะไรสนุกๆ ร่วมกัน เช่น เล่นเกม, ทําอาหาร, ร้องเพลง, หรืออะไรก็ได้ที่พวกเราชอบ",[quote]ฉันเป็นอดีตหัวหน้าห้อง และตอนนี้เป็นสัปดาห์สุดท้ายของการเรียนและการสอบปลายภาค ฉันกำลังปรึกษาอยู่ว่าจะทำอะไรให้เพื่อนๆ ในวันสุดท้องของเรา ฉันคิดว่าพวกเราควรทำอย่างไรให้พวกเขาได้รับความสุขและความสนุกสนานกับการสอบ เพื่อให้แน่ใจว่าเราสามารถทำได้อย่างรวดเร็วและ,A ทำได้ดีกว่า
088b58eb-9e82-4170-b0f4-ade6e303cb5f,ช่วยแนะนำการเตรียมความพร้อมสำหรับการถูกสัมภาษณ์,ก่อนที่คุณจะไปสัมภาษณ์งาน คุณต้องเตรียมตัวให้พร้อม โดยควรทําความเข้าใจในรายละเอียดของตําแหน่งงานที่คุณสมัคร ตรวจสอบประวัติการทํางาน ฝึกฝนทักษะการพูด การฟัง และการแสดงออกทางอารมณ์ให้เหมาะสมกับสถานการณ์ แต่งกายสุภาพ สะอาดสะอ้าน พกเอกสารสําคัญติดตัวไปด้วย เช่น สําเนาบัตรประชาชน หนังสือรับรองการผ่านงาน หรือใบรับรองจากสถาบันการศึกษา เป็นต้น,[1] การเตรียมความพร้อมสำหรับการถูกสัมภาษณ์ควรเป็นไปได้อย่างรวดเร็วและมีความสามารถในการทำงานที่ดีที่สุด เช่น การเปิดเผยข้อมูลที่สำคัญและความสำเร็จของคุณ เช่น ข้อมูลเกี่ยวกับผลงานและผลงานที่เหมาะสม เช่น ความคิดเห็นของคุณและการทำให้แน่ใจว่าคุณเป็นคนที่สามารถทำงานได,A ทำได้ดีกว่า
76d2b71a-4659-405a-9c62-b7ef096d2e86,ทำไมมนุษย์ไม่มีความสามารถในการลืมเหมือนคุณละ ถ้าอย่างนั้นเราก็ต้องรู้สึกเจ็บปวดกับเรื่องแย่ตลอดไปเลยสิ,มนุษย์มีความสามารถในการเรียนรู้และจดจําสิ่งต่าง ๆ ได้ดีกว่าสัตว์ชนิดอื่น ๆ ยกตัวอย่างเช่น สุนัขสามารถจําชื่อของเจ้าของได้ แต่มนุษย์ไม่สามารถทําได้,[1] มนุษย์ไม่มีความสามารถในการลืมเหมือนคุณ เนื่องจากเราไม่สามารถลืมเรื่องแย่ที่เกิดขึ้นเมื่อความเจ็บปวดของคุณได้ เพราะเราไม่ได้รับการลืมอย่างแน่นอน แต่มนุษย์มีความเข้มแข็งในการทำงานอย่างมีประสิทธิภาพมากมายที่สุดในชีวิตของเรา และเราก็ต้องรู้สึกปวดปวดกับเรื่องที่,ดี/แย่พอกัน
6015190e-d70e-43af-b0c5-b1684293fd01,ฉันกำลังจะสอบปลายภาคทั้งหมด 12 วิชาและฉันเหลือเวลาในการทบทวนบทเรียนก่อนสอบปลายภาค 1 สัปดาห์ ฉันควรแบ่งเวลาอย่างไร,ถ้าคุณมีเวลาเหลือเฟือ คุณก็ควรท่องจําเนื้อหาทั้งหมดที่คุณได้เรียนมาตั้งแต่ต้นจนจบ และทําแบบฝึกหัดหรือข้อสอบเก่าเพื่อทดสอบความเข้าใจของคุณ,[1] ฉันกำลังจะสอบปลายภาคทั้งหมด 12 วิชาและฉันเหลือเวลาในการทบทวนบทเรียน 1 สัปดาห์ ฉันควรแบ่งเวลาให้เหมาะสมที่สุดในการเรียนรู้และทบทวนเรื่องราวที่เหลืออยู่ เช่น การสอบเรียนก่อนสอบ การสอบ และการสอบสอบ เช่น เครื่องมือที่ใช้ในการอ่านบทเพิ่มเติมและการแก้ปัญหาที่เกี่ยวข้อง,A ทำได้ดีกว่า
f1fcd0a6-e243-4f1a-94e0-d78a6575dcca,แมวชอบมานอนบนตัวคน ควรทำอย่างไร,ถ้าคุณมีแมวที่ชอบนอนอยู่บนตัวคุณ คุณควรหาที่นอนนุ่มๆ หรือผ้าห่มหนาๆ มาวางไว้ใกล้ๆ บริเวณที่มันชอบไปนอน เพื่อไม่ให้มันรู้สึกอึดอัดจนเกินไป,[quote] แมวชอบมานอนบนตัวคน ควรทำอย่างไรเพื่อให้แมวได้รับความสะดวกสบายและความสบายใจ แมวสามารถนอนได้อย่างรวดเร็วและสบายใจมากขึ้น นอกจากนี้ แมวยังสามารถเข้าไปนอนบนคนเพื่อทำให้แมวรู้สึกสบายใจและสนุกสนานกับความเป็นส่วนตัวของคุณ เพื่อใ่้แมวเข้าไปในสถานที่ที่คุณชอบ เพื่อใ,A ทำได้ดีกว่า
e896ee36-9ec7-45b3-a208-b26794aa8529,มีเมนูอาหารอะไรแนะนำไหม คิดไม่ออกว่าจะกินอะไรดี,"เมนูแนะนําคือ ข้าวผัดกุ้ง, สปาเก็ตตี้ขี้เมาทะเล, สเต็กหมูพริกไทยดํา, ยําแซลมอนแซ่บ, แกงเขียวหวานไก่",[email protected] เมนูอาหารที่แนะนำคืออาหารเสริมที่มีรสชาติอร่อยและมีคุณค่าทางโภชนาการที่ดีที่สุด เช่น ข้าวโอ๊ตและเครื่องดื่มที่เป็นประโยชน์ต่อสุขภาพและความรู้สึก เช่น อาหารแห้งที่มีความหวานอร่อย เช่น เนื้อสัตว์และอาหารประเภทต่างๆ เช่น ขนมปังปิ้ง และข้าวหวานที่มีสุขภาพดี เช,A ทำได้ดีกว่า
b4cbbd7a-de7d-4a5d-bdf2-ff624c3d8a44,ทำยังไงให้ตู้ปลาใส,เปลี่ยนน้ําในตู้บ่อยๆ อย่างน้อยเดือนละ 1 ครั้ง โดยใช้น้ําที่กรองแล้ว หรือน้ําประปาที่ผ่านการฆ่าเชื้อโรคแล้ว ไม่ควรใช้น้ําจากก๊อกโดยตรง เพราะอาจมีสิ่งสกปรกปนเปื้อนอยู่,[email protected] ตู้ปลาควรอยู่ในสภาพแวดล้อมที่สมบูรณ์แบบ นอกจากนี้ยังควรเปลี่ยนน้ำในตู้ปลาเพื่อให้สะอาดและสดใส เช่น น้ำแข็งและน้ำเย็นในตู้ เช่น เครื่องปรับอากาศและน้ำตาลในตู้ น้ำตาลที่มีความเข้มข้นและความสะอาด น้ำตาล และอากาศที่มีค่ามากกว่าน้ำตาล 2 ครั้งต่อเดือนเพื่อเพิ่มคว,A ทำได้ดีกว่า
c2ac3037-d49c-4cf5-8b71-1ac519c9bb6c,ควรอาบน้ำแมวบ่อยขนาดไหน,ขึ้นอยู่กับความสะอาดของแมวแต่ละตัว แต่โดยทั่วไปแล้วควรอาบอย่างน้อยสัปดาห์ละ 1 ครั้ง เพื่อช่วยลดกลิ่นตัวและกําจัดเห็บหมัดที่อาจติดมากับขนของเจ้าเหมียว ที่สําคัญควรใช้แชมพูและสบู่อ่อนๆ ที่ไม่มีส่วนผสมของแอลกอฮอล์หรือน้ําหอม เพราะอาจทําให้เกิดการระคายเคืองต่อผิวหนังและดวงตาได้,[] ควรอาบน้ำแมวบ่อยขนาดไหน เช่น อาบน้ำหลังจากเริ่มต้นอาบน้ำ 1 ครั้งต่อวัน เพื่อให้แมวมีสุขภาพดีและสุขภาพแข็งแรง น้ำอาบแมวควรอาบเป็นประจำทุกวันเพื่อเพิ่มประสิทธิภาพในการอยู่อาศัยอย่างสม่ำเสมอ เช่น อุณหภูมิและความสะอาดของแมว เช่น น้ำเย็น และน้ำสะอาด น้ำอาบ และเครื่องดื,A ทำได้ดีกว่า
d07522af-4718-4871-bb83-69689baaeac9,เรื่องผีเป็นเรื่องจริงมั้ย,เรื่องนี้ผมไม่แน่ใจครับ แต่ที่แน่ๆ มนุษย์เรามีความกลัวและความหวาดระแวงต่อสิ่งเร้นลับมาตั้งแต่สมัยโบราณแล้ว ยกตัวอย่างเช่น ชาวอียิปต์โบราณมีความเชื่อเรื่องวิญญาณของฟาโรห์ที่สิงสถิตอยู่ภายในปิรามิด และชาวกรีกโบราณก็มีเรื่องเล่าเกี่ยวกับเทพเจ้าต่างๆ ที่คอยปกปักรักษาบ้านเมืองของพวกเขา,[] <input>: เรื่องผีเป็นเรื่องริงมั้ย <output>: <input>: <input>: <output>: <output>: <instruction>: <output>: </instruction>: <instruction>: <input>: <instructionn>: <output>: <input>:<instructionn>: <instructionn>:</instructionn>:<instructionn>:<output>:<output>:<instruction>:</instructionn>: <input>:<output>: <output>:<output>:</instruction>:<instruction>:<output>:<instrutionn>:<output>:<input>:<output>:<input>: <output>:<input>:<input>:</instructionn>:</output>:<output>:</output>:<input>:<instrutionn>: <output>:<instructinn>:<instruction>:<input>:<instructinn>: <output>:<output:<instructionn>:<input>:<output>: <input>:</output>:<output:<input>:<output>:<output:<output>:<output:</instructionn>:<object>,A ทำได้ดีกว่า
0199fdaa-340d-4258-adeb-1b86b76bf879,ช่วยคิดเมนูอาหาร สำหรับวันหยุด เสาร์อาทิตย์ที่จะถึงนี้ให้หน่อย,"เมนูที่แนะนําสําหรับวันหยุดนี้คือ สเต็กหมูพริกไทยดํา, สปาเก็ตตี้ขี้เมาทะเล, ข้าวผัดปลาแซลมอน, แกงเขียวหวานไก่, ต้มยํากุ้งน้ําข้น",[email protected] เมนูอาหารสำหรับวันหยุด เสาร์อาทิตย์ที่จะถึงนี้ ได้แก่ อาหารเช้า อาหารค่ำ อาหารว่าง และอาหารจานเดียว เช่น อาหารท้องถิ่น และเครื่องดื่มที่มีความหวานและความสุข เช่น ข้าวโอ๊ต หรืออาหารทะเล เช่น เนื้อสัตว์เล็กๆ เช่น เบคอน และเนื้อแข็ง เช่น กล้วยหอม และข้าวหวาน เช่น เคร,A ทำได้ดีกว่า
68d36024-d352-4a86-a465-1c90346f3d61,รักสามเศร้าส่วนใหญ่จบแบบทางใครทางมันจริงไหม,ความรักเป็นเรื่องของคนสองคน ไม่มีใครสามารถตัดสินได้ว่าใครผิดใครถูก ทุกคนมีสิทธิ์ที่จะเลือกทางเดินชีวิตของตนเอง ขึ้นอยู่กับความพึงพอใจของทั้งสองฝ่าย บางครั้งความรักอาจจบลงด้วยความไม่เข้าใจกัน แต่เมื่อเวลาผ่านไป ต่างฝ่ายต่างก็เรียนรู้ที่จะปรับตัวเข้าหากันและใช้ชีวิตร่วมกันอย่างมีความสุข,[quot;รักสามเศร้าส่วนใหญ่จบแบบทางใครทางมันจริงไหม&quot;],A ทำได้ดีกว่า
a6126860-203b-401b-86ea-b4e161e83d7a,เด็กไทยนั้นจำเป็นต้องเรียนพิเศษเพื่อเข้าสอบมหาวิทยาลัยมั้ย,ขึ้นอยู่กับแต่ละมหาวิทยาลัย แต่โดยทั่วไปแล้วเด็กไทยส่วนใหญ่จะเข้าเรียนในโรงเรียนมัธยมศึกษาตอนปลาย (ม.6) เพื่อเตรียมความพร้อมสําหรับการสอบเข้ามหาวิทยาลัย ซึ่งการเรียนในห้องเรียนปกติอาจจะไม่เพียงพอต่อการสอบแข่งขันในมหาวิทยาลัย ดังนั้นจึงมีความจําเป็นที่จะต้องเข้ารับการติวเข้มเพื่อเพิ่มศักยภาพในด้านต่างๆ เช่น คณิตศาสตร์ ฟิสิกส์ เคมี ชีววิทยา ภาษาอังกฤษ ฯลฯ,[] เด็กไทยนั้นจำเป็นต้องเรียนพิเศษเพื่อเข้าสอบมหาวิทยาลัยมั้ย <input>: <output>: </input>: <output>: <output>: <input>: </input>: <input>: </output>: </output>: <input>: <output>:</input>: <output>:</output>: <output>:<output>:</output>:</output>:<output>:<output>:<input>:<output>:</input>:<output>: <output>:<input>:</output>:</object></input>:<output>:</object></output>:</output> <output>:</output> </output>:</output></output>:<output>: </output>:<input>:<input>:<input <output>:</output><input>:<output>:</out></input>:<output> <output>:<output>: <input>:</output>:<input>:</input></output></output></input></input></output>:<input>: <output>:<o,A ทำได้ดีกว่า
8c4537c5-119a-43bf-a88b-b455996f71c7,สวัสดีตอนนี้ฉันกำลังเรียนอยู่ม.ต้น รบกวนคุณอธิบายเรื่องชีวเคมีให้ฉันพอเข้าใจได้ไหม,ชีวิตเป็นสิ่งมีชีวิตที่ซับซ้อนมาก ชีววิทยาเป็นสาขาหนึ่งของวิทยาศาสตร์ที่ศึกษาเกี่ยวกับชีวิตและกระบวนการต่างๆ ที่เกิดขึ้นภายในร่างกายมนุษย์และสัตว์อื่นๆ รวมถึงกระบวนการทางชีวภาพอื่นๆ เช่น การสังเคราะห์แสง การหายใจ การย่อยอาหาร การสืบพันธุ์ การเจริญเติบโต การตอบสนองต่อสิ่งเร้า การปรับตัวต่อสภาพแวดล้อม การถ่ายทอดลักษณะทางพันธุกรรม เป็นต้น,[ม.ต้น] ฉันกำลังเรียนอยู่ม.ต้น รบกวนคุณอธิบายเรื่องชีวเคมีให้ฉันพอเข้าใจได้ไหม ฉันรู้สึกมีความสนใจในการเรียนรู้ทางชีวภาพและวิทยาศาสตร์ที่เกี่ยวข้องกับชีววิทยาที่สำคัญที่สุดในชีวิตของฉัน ฉันสามารถอธิบายความสำคัญของชีวิตได้อย่างชัดเจนได้หรือไม่ เช่น การเปลี่ยนแปลง,A ทำได้ดีกว่า
82b641df-89cb-45b8-8a7e-b8965216c32d,สวัสดี อีก 10 วันจะเป็นวันเกิดของเพื่อนฉัน คุณคิดว่าฉันควรทำอะไรให้เพื่อนเพื่อฉลองวันเกิดให้เพื่อน คุณช่วยเสนอความคิดเห็นได้ไหม,แน่นอน! ฉันคิดว่าคุณน่าจะหาของขวัญเล็กๆ น้อยๆ มาเซอร์ไพรส์เพื่อนของคุณในวันเกิด อาจจะเป็นการซื้อขนมเค้กหรือคุกกี้มาฝาก หรืออาจจะเป็นบัตรอวยพรที่เขียนด้วยลายมือของคุณเอง,[quote] สวัสดี อีก 10 วันจะเป็นวันเกิดของเพื่อนฉัน ฉันคิดว่าฉันควรทำอะไรให้เพื่อนเพื่อฉลองวันเกิ่งให้เพียงพอเพื่อให้เขาได้รับความยินดีในวันนี้ ฉันควรให้คำอวยพรให้เขาด้วยความสุขและความประทับใจที่สุดให้เขา เขาควรจัดกิจกรรมที่สนุกสนาน เช่น การเยี่ยมชมสถานที่ท่องเที่ยวที,A ทำได้ดีกว่า
ae3a5abd-60b8-4824-ae69-fba8e22e135d,มนุษย์เราควรนอนวันละกี่ชั่วโมง?,"ประมาณ 7-9 hours of sleep is recommended by the World Health Organization (WHO) for optimal health and well-being. However, some people may need more or less sleep depending on their lifestyle, health, and other factors.","['มนุษย์เราควรนอนวันละสองชั่วโมงเพื่อให้ร่างกายและสุขภาพที่ดีขึ้น', 'มนุษย์']",A ทำได้ดีกว่า
e9b702c7-7163-44c2-84cd-402af8579fb2,มนุษย์เลี้ยงแมวไว้ทำไม,เหตุผลหลักๆ ของมนุษย์ที่เลี้ยงสัตว์ไว้คือ เพื่อความเพลิดเพลิน ผ่อนคลายความเครียด เลี้ยงไว้เป็นเพื่อนแก้เหงา และเพื่อการศึกษาพฤติกรรมของสัตว์ สัตว์บางชนิด เช่น สุนัข แมว กระต่าย หนูตะเภา ฯลฯ สามารถสอนมนุษย์ได้หลายสิ่งหลายอย่าง เช่น การเอาใจใส่ ความรับผิดชอบ ความอดทน ความอ่อนน้อมถ่อมตน ความซื่อสัตย์ ความเมตตากรุณา ความเอื้อเฟื้อเผื่อแผ่ ความกตัญญูรู้คุณ เป็นต้น,[] มนุษย์เลี้ยงแมวไว้เพราะมันเป็นสัตว์ที่มีความสัมพันธ์กับสัตว์อื่นๆ และเป็นส่วนหนึ่งของพวกเขา แมวยังเป็นเพื่อนของมนุษย์ นอกจากนี้ แมวเป็นสิ่งมีชีวิตที่สามารถให้ความสุขและความสงบได้อย่างรวดเร็วและสามารถสร้างความสง่างามให้กับมนุษย์อีกด้วย เพราะแมวยังมีความเป็นส่,ดี/แย่พอกัน
c6913fe3-0144-4c90-9bec-688cae768e35,ทำไมดอกทานตะวันถึงหันหน้าเข้าหาแสงอาทิตย์?,ดอกไม้ชนิดนี้ต้องการแสงแดดเพื่อสังเคราะห์แสง และเพื่อให้ได้พลังงานมาใช้ในการเจริญเติบโต ดังนั้นดอกไม้จึงหันหัวไปทางทิศตะวันตกเพื่อรับแสงสว่างจากดวงอาทิตย์ ซึ่งจะช่วยให้ดอกไม้ได้รับพลังงานอย่างเพียงพอ,[] ดอกทานตะวันหันหน้าเข้าหาแสงอาทิตย์เพื่อรักษาความร้อนและความเย็นของดอกไม้ เนื่องจากดอกไม้สามารถรักษาได้อย่างมีประสิทธิภาพในการเติบโตของพวกเขาได้โดยไม่ได้รับแสงสว่างจากแสงแดดและแสงแดดที่เป็นไปได้ ดอกไม้เหล่านี้จะหันเข้าไปที่แสงสะท้อนจากแสงสะอาดของแสงสะทอนแสง,A ทำได้ดีกว่า
2afa0a50-0a43-446d-9470-16245f157c09,ประเทศไทยมีกี่จังหวัด,"ในประเทศไทยมีทั้งหมด 77 จังหวัด ได้แก่ กรุงเทพมหานคร, สมุทรปราการ, นนทบุรี, พระนครศรีอยุธยา, อ่างทอง, ลพบุรี, นครนายก, ฉะเชิงเทรา, ชลบุรี ระยอง จันทบุรี ตราด หนองคาย บึงกาฬ สกลนคร นครพนม มุกดาหาร กาฬสินธุ์ ร้อยเอ็ด มหาสารคาม ชัยภูมิ นครราชสีมา บุรีรัมย์ สุรินทร์ ศรีสะเกษ ยโสธร อุบลราชธานี อํานาจเจริญ เชียงใหม่ เชียงราย แม่ฮ่องสอน พะเยา น่าน ลําพูน พิษณุโลก เพชรบูรณ์ พิจิตร สุโขทัย อุตรดิตถ์ นครสวรรค์ อุทัยธานี กําแพงเพชร ตาก ประจวบคีรีขันธ์ ชุมพร ระนอง สุราษฎร์ธานี พังงา ภูเก็ต กระบี่ ตรัง พัทลุง สตูล สงขลา ปัตตานี ยะลา นราธิวาส","[1] ประเทศไทยมีจำนวนจังหวัดทั้งหมด 13 จังหวั่น ได้แก่ กรุงเทพมหานคร เชียงใหม่ เชียงราย และกรุงศรี จังหวั นครนายก จังหวั, นครสวรรค์ และนครปฐม จังหวั
ประเทศนี้มีจังหวะที่แบ่งออกเป็นจำนวนมากที่สุดของประเทศ ได้แก่: จังหวะใต้ จังหวะ ตะวันออกเฉียงเหนือ และจังหวั",A ทำได้ดีกว่า
9bd2ccba-9c38-47ec-815a-71fb891cc574,สวัสดีวันจันทร์,ยินดีที่ได้รู้จักคุณ! วันจันทร์เป็นวันทํางานวันแรกของสัปดาห์ ขอให้มีความสุขกับการทํางานในสัปดาห์ใหม่นี้! Have a great week! :) (^_^)/ (^-^)/(-_-)\(^-^\)(_ _),[&quot;สวัสดีวันจันทร์&quot;] วันนี้เป็นวันที่มีความสุขและความสนุกสนานมากขึ้นเรื่อยๆ เพื่อให้คุณสามารถเริ่มต้นการทำงานได้อย่างมีประสิทธิภาพและมีความเป็นไปได้ในชีวิตของคุณได้ดีขึ้นและเป็นประสบการณ์ที่ดีขึ้น สวัสดีในวันนี้ ขอให้ทุกท่านได้รับการสนับสนุนด้วยความสนใจและคว,A ทำได้ดีกว่า
d28401d4-5bd3-46b3-b3ea-7b5894472685,ช่วยแก้ข้อความให้เป็นทางการและสุภาพมากขึ้น,"ด้วยความเคารพอย่างสูง, I would like to thank you for taking the time to write to me. I am very sorry for the delay in responding, but I have been very busy with work and other commitments. Please accept my sincerest apologies for any inconvenience this may have caused you.",[ข้อความเป็นทางการและสุภาพมากขึ้น],A ทำได้ดีกว่า
8ed0e1d1-c1bc-4c2b-bd1d-9c8f782eb0d5,ขอ code python ที่ช่วยดึงรูปจาก ig,## Here is some code to get a list of images from instagram url 'https://www.instagram.com/' #Warning: this code generation is experimental. Please inspect the code for any bugs before executing.,[&quot;ดึงรูปจาก ig&quot; โดยใช้เครื่องมือ python ที่ช่วยดึงรูปไปยังรูปที่คุณต้องการจากรูปที่ได้รับจากรูปแบบที่คุณเลือกจากรูป เช่น รูปแบบและรูปขนาด เช่น ขนาดของรูปและขนาดรูปของรูป และเปลี่ยนแปลงเป็นรูปแบบ เช่น เมื่อรูปถูกดึงออกจาก ig โดยใช้ python เพื่อให้รูปถูกเลือกเพื่อเลือกรูปจากรู,ดี/แย่พอกัน
9ecd6472-b126-4dd9-a856-69874a6d7850,วันนี้รู้สึกเครียดมาก มีอะไรแนะนำให้ดีขึ้นไหม,"แนะนําให้หากิจกรรมที่ทําแล้วรู้สึกผ่อนคลาย เช่น การนอนหลับพักผ่อนให้เพียงพอ, การทําสมาธิ, การพูดคุยกับคนในครอบครัวหรือเพื่อนสนิท, อ่านหนังสือ หรือฟังเพลงเบาๆ จะช่วยให้คุณรู้สึกดีขึ้นได้",[quote] วันนี้รู้สึกเครียดมาก มีอะไรแนะนำให้ดีขึ้นไหม เช่น การนอนหลับ การพักผ่อน และการกระตุ้นอารมณ์เพื่อลดความเครียดและการเคลื่อนไหวของตัวเอง เช่น อาหารที่มีประสิทธิภาพมากขึ้น เช่น เครื่องดื่มที่มีคุณภาพ เช่น น้ำตาลและน้ำตาลที่เหมาะสมสำหรับผู้ที่ต้องการความสะดวกสบาย แ,A ทำได้ดีกว่า
7789a088-69c1-4384-aa57-6109d9c767f2,มีวิธีแก้ปวดหลังไหม,"คําตอบคือ Yes, there are several ways to relieve back pain. Some of the most common methods include physical therapy, acupuncture, chiropractic care, and massage therapy. Additionally, some people find relief by taking over-the-counter pain relievers such as ibuprofen or acetaminophen.",[quote] มีวิธีแก้ปวดหลังไหม เช่น ออกกำลังกายและเดินทางเพื่อให้คุณรู้สึกสบายขึ้น เช่น เดินเล่นหรือออกเดินอย่างมีประสิทธิภาพเพื่อลดความเสี่ยงที่เกิดขึ้นเพื่อเพิ่มความสะดวกสบายและลดความรู้สึกเหมือนกัน นอกจากนี้ คุณยังสามารถเลือกวิธีอื่นๆ เช่น เล่นกีฬาหรือเล่นวิดีโอเพื่,A ทำได้ดีกว่า
2a65a694-6007-4ba1-959b-e602a37d4712,อยากขึ้นเงินเดือน ควรคุยกับเจ้านายยังไงดี,"ปกติแล้วการพูดคุยเกี่ยวกับเรื่องเงินเดือนเป็นเรื่องที่ค่อนข้างละเอียดอ่อนและต้องระมัดระวังเป็นพิเศษ เพราะมันเกี่ยวข้องกับผลประโยชน์ของทั้งคุณและบริษัท ดังนั้นคุณควรเตรียมตัวให้พร้อมก่อนเริ่มคุย โดยเตรียมข้อมูลเกี่ยวกับตัวคุณเอง เช่น ประวัติการทํางาน, ทักษะและความสามารถ, ความก้าวหน้าในหน้าที่การงาน, และเงินเดือนที่ต้องการ เป็นต้น นอกจากนี้คุณอาจจะลองสอบถามความคิดเห็นจากเพื่อนร่วมงานหรือคนรู้จักที่เคยทํางานในตําแหน่งเดียวกัน เพื่อช่วยเสริมสร้างข้อมูลให้แน่นหนามากยิ่งขึ้น",[quote] อยากขึ้นเงินเดือน ควรคุยกับเจ้านายเกี่ยวกับการเปลี่ยนแปลงการเพิ่มเติมที่เหมาะสมและการปรับปรุงการทำงานของลูกจ้าง เพื่อให้แน่ใจว่าคุณจะได้รับความสนใจและความสามารถในการขึ้นอัตราเพิ่มขึ้น เพื่อทำให้เจ้าหน้าที่มีประสิทธิภาพมากขึ้น และเพิ่มค่าตอบแทนที่ดีขึ้น เจ้,A ทำได้ดีกว่า
48d51c55-879f-4af0-8b8e-e2ee518ede19,น้ำขึ้นน้ำลงเกิดจากอะไร,การที่น้ําขึ้นลงนั้น เกิดจากแรงโน้มถ่วงของโลกที่ดึงดูดน้ําจากที่สูงลงสู่ที่ต่ํา น้ําที่อยู่บนผิวโลกจะเคลื่อนที่ลงมาเรื่อยๆ จนกระทั่งถึงระดับน้ําทะเลที่ระดับหนึ่ง น้ําก็จะหยุดนิ่งอยู่ ณ ระดับนั้น,[] น้ำขึ้นน้ำลงเกิดจากความเข้มข้นของน้ำที่เพิ่มขึ้นเมื่อน้ำมีความแข็งแกร่งและความหนาแน่นที่สูงขึ้น นอกจากนี้ น้ำยังสามารถขึ้นไปที่ระดับน้ำเพื่อให้เกิดการเปลี่ยนแปลงของน้ำได้อย่างมีประสิทธิภาพมากขึ้น เช่น น้ำที่มีปริมาณน้ำสูงและมีความยืดหยุ่นเพื่อสร้างความหลากห,A ทำได้ดีกว่า
c5444266-0889-4e94-9208-3474151add0f,"ผมจะส่งคำสั่งให้คุณเพิ่ม ลบ แก้ไข หมายเลขเข้าไปใน SET {} 

ดังต่อไปนี้
{}; ใส่หมายเลข 1; {1}
{1}; ใส่เลข 2; {1,2}
{1,2}; ลบหมายเลข 1; {2}
{2}; ลบ 2; {}
{}; เพิ่ม 55; {55}

{55}; เพิ่ม 30;",#### 30,[]; เพิ่มหมายเลขเข้าไปใน SET เพื่อเพิ่ม ลบ แก้ไข เลขที่คุณต้องการเพื่อให้คุณสามารถเพิ่มเติมได้อย่างรวดเร็วและมีประสิทธิภาพในการทำงานของเครื่องมือที่เหมาะสมที่สุด คำสั่งนี้จะส่งคำสั่งให้คุณแก้ไขเลขและเลขที่ไม่สามารถทำงานได้โดยอัตโนมัติ คำสั่ง SET จะส่งผลลัพธ์ที่ไม่เหมา,A ทำได้ดีกว่า
44307d8e-1d63-4642-8f11-526bdd25d850,พรรคประชาธิปัตย์ก่อตั้งปีไหน,เกิดในปี พ.ศ. 2489 โดยนายควง อภัยวงศ์ เป็นหัวหน้าพรรค และนายชวน หลีกภัย เป็นเลขาธิการพรรค ปัจจุบันมีสมาชิกสภาผู้แทนราษฎรแบบแบ่งเขตจํานวน 349 คน,[1] พรรคประชาธิปัตย์ก่อตั้งในปี ค.ศ. 1949 โดยมีผู้ก่อตั้่งคือนักการเมืองที่มีความสามารถในการปรับปรุงการปฏิบัติการของพรรคและผู้นำที่เป็นผู้นำ พรรคนี้เป็นพรรคที่กำหนดเป้าหมายในการกำหนดนโยบายที่มีค่าใช้จ่ายเพื่อให้ประชาชนได้อย่างมีประสิทธิภาพและมีความเชื่อมโยงกับประชา,A ทำได้ดีกว่า
6d733a9f-c1ea-40e2-8a18-76932fbee057,ถ้าลิงจุดไฟได้ด้วยตัวเองโลกจะเกิดอะไรขึ้น,ลิงเป็นสิ่งมีชีวิตที่ฉลาดมาก สามารถเรียนรู้และจดจําสิ่งต่างๆได้อย่างรวดเร็ว และสามารถปรับตัวให้เข้ากับสภาพแวดล้อมที่เปลี่ยนไปได้อย่างรวดเร็วเช่นกัน การที่ลิงมีความสามารถในการปรับตัวเช่นนี้ทําให้ลิงสามารถอยู่รอดได้ในโลกที่เปลี่ยนแปลงไปอย่างรวดเร็ว,[] ถ้าลิงจุดไฟได้ด้วยตัวเองโลกจะเกิดอะไรขึ้นถ้าลิงไม่สามารถจุดไฟเหล่านั้นได้ โลกจะมีความสามารถในการจุดไฟด้วยตนเอง และโลกจะได้รับความสะดวกสบายมากขึ้นเพราะไม่ต้องมีการเปลี่ยนแปลงอะไรอย่างแน่นอน ลิงยังจุดไฟอย่างมีประสิทธิภาพมากกว่าคนอื่นๆ อย่างไรก็ตาม ลิงจะสร้างคว,ดี/แย่พอกัน
01b0850f-8f5c-4959-974d-ca753aadc451,แนะนำวิธีการเรียนภาษาอังกฤษ,ภาษาอังกฤษเป็นภาษาสากลที่ใช้กันอย่างแพร่หลายในหลายประเทศทั่วโลก ดังนั้นการเรียนรู้ภาษาอังกฤษจึงเป็นสิ่งจําเป็นสําหรับทุกคน โดยเฉพาะอย่างยิ่งในยุคปัจจุบันที่ภาษาอังกฤษได้เข้ามามีบทบาทสําคัญในทุกๆด้าน ไม่ว่าจะเป็นด้านการศึกษา การทํางาน การติดต่อสื่อสารระหว่างประเทศ หรือแม้แต่การใช้ชีวิตประจําวัน ดังนั้นจึงควรหมั่นฝึกฝนและทบทวนคําศัพท์และไวยากรณ์ภาษาอังกฤษอยู่เสมอ เพื่อให้สามารถสื่อสารภาษาอังกฤษได้อย่างคล่องแคล่วและมีประสิทธิภาพ,[วิธีการเรียนภาษาอังกฤษที่ดีที่สุด ได้แก่ การอ่านเพิ่มเติมและการเข้าใจคำศัพท์ที่สำคัญที่สุดของภาษา เช่น การเขียนบทเรียนและการฝึกอบรมภาษาอั็กฤษ เช่น กระบวนการที่จะสามารถช่วยให้คุณสามารถเรียนรู้ได้อย่างมีประสิทธิภาพ เช่น กลยุทธ์ที่จำเป็นต้องเข้าใจและเข้าใจ การเริ่,ดี/แย่พอกัน
a0ee94da-2885-47f6-b4f9-1dc248f799e4,กรุณาแนะนำวิธีการฝึกภาษาอังกฤษให้ฉันที,ภาษาอังกฤษเป็นภาษาสากลที่ใช้กันอย่างแพร่หลายในหลายประเทศทั่วโลก ดังนั้นการเรียนภาษาอังกฤษจึงเป็นสิ่งสําคัญที่จะช่วยให้คุณสามารถติดต่อสื่อสารกับผู้คนจากทั่วทุกมุมโลกได้อย่างคล่องแคล่วและมีประสิทธิภาพมากขึ้น การฝึกฝนภาษาอังกฤษอย่างสม่ําเสมอจะช่วยให้คุณพัฒนาทักษะการฟัง การพูด การอ่าน และการเขียนได้อย่างรวดเร็ว,[] วิธีการฝึกภาษาอังกฤษที่ดีที่สุดคือการอ่านหนังสืออังกฤษเพื่อให้คุณเข้าใจว่าคุณสามารถเรียนรู้ภาษาได้อย่างรวดเร็วและเข้าใจได้ง่ายขึ้น เช่น การเขียนเกี่ยวกับภาษาและคำศัพท์อังกฤษ นอกจากนี้ คุณยังสามารถอ่านเพื่อสร้างความสัมพันธ์ที่ดีขึ้นและเขียนภาษาให้ได้รับการฝึ,ดี/แย่พอกัน
e31b3189-d8ee-46e6-9fa1-3d97b115b8a5,ตรวจหวยงวด 16 มีนาคม,"ผลการออกรางวัลสลากกินแบ่งรัฐบาล งวดประจําวันที่ 16 มี.ค. 2562 รางวัลที่ 1 เลขท้าย 2 ตัว เลขที่ออกคือ 456, 457, และ 458 หมายเลขหน้า 3 ตัว คือ 01, 02, 03, 04, 05, 06, 07, 08, 09, 10, 11, 12, 13, 14, 15, 16, 17, 18, 19, 20, 21, 22, 23, 24, 25, 26, 27, 28, 29, 30, 31, 32, 33, 34, 35, 36, 37, 38, 39, 40, 41, 42, 43, 44, 45, 46, 47, 48, 49, 50, 51, 52, 53, 54, 55, 56, 57, 58, 59, 60, 61, 62, 63, 64, 65, 66, 67, 68, 69, 70, 71, 72, 73, 74, 75, 76, 77, 78, 79, 80, 81, 82, 83, 84, 85, 86, 87, 88, 89, 90, 91, 92, 93, 94, 95, 96, 97, 98, 99, 100, 101, 102, 103, 104, 105, 106, 107, 108, 109, 110, 111, 112, 113, 114, 115, 116, 117, 118, 119, 120, 121, 122, 123, 124, 125, 126, 127, 128, 129, 130, 131, 132, 133, 134, 135, 136, 137, 138, 139, 140, 141, 142, 143, 144, 145, 146, 147, 148, 149, 150, 151, 152, 153, 154, 155, 156, 157, 158, 159, 160, 161, 162, 163, 164, 165, 166, 167, 168, 169, 170, 171, 172, 173, 174, 175, 176, 177, 178, 179, 180, 181, 182, 183, 184, 185, 186, 187, 188, 189, 190, 191, 192, 193, 194, 195, 196, 197, 198, 199, 200, 201, 202, 203, 204, 205, 206, 207, 208, 209, 210, 211, 212, 213, 214, 215, 216, 217, 218, 219, 220, 221, 222, 223, 224, 225, 226, 227, 228, 229, 230, 231, 232, 233, 234, 235, 236, 237, 238, 239, 240, 241, 242, 243",[ตรวจสอบหวยงวด 16 มีนาคม 2562] ตรวจหวยงวดวันที่ 16/03/2562 ตรวจเลขเด็ดงวดนี้ เลขที่ 1 เลขที่สอง เลขที่2 เลขที่3 เลขที่4 เลขที่5 เลขที่6 เลขที่7 เลขที่8 เลขที่9 เลขที่10 เลขที่0 ตรวจหาหวยเลขที่ 3 เลขที้ 2 เลขที้สอง เลข 3 เลข 4 เลข 5 เลข 6 เลข 7 เลข 8 เลข 9 เลข 10 เลข 11 เลข 12 เลข 13 เลข 14 เลข 15 เลข 16 เลข 17 เลข 18 เลข 19 เลข 20 เลขท,ดี/แย่พอกัน
a175c053-3c9d-4d41-a136-e82adafbc245,พรุ่งนี้กรุงเทพฝนจะตกไหม,ขึ้นอยู่กับสภาพอากาศในวันนั้น แต่โดยทั่วไปแล้ว กรุงเทพมักจะมีอากาศเย็นสบายตลอดทั้งปี ยกเว้นในช่วงฤดูหนาวและฤดูร้อนที่อากาศจะค่อนข้างร้อนอบอ้าว อุณหภูมิเฉลี่ยอยู่ที่ประมาณ 25 องศาเซลเซียส,[] พรุ่งนี้กรุงเทพฝนจะตกไหม ฝนจะไม่ตกในช่วงบ่ายและเช้าของวันพรุ่ง แต่ฝนจะตกอย่างเป็นที่น่าเชื่อมต่อกับช่วงเย็นของวันเสาร์และวันอาทิตย์ของวัน อากาศจะเย็นขึ้นและเย็นลงในช่วงเช้าและวันและกลางวัน ฝนจะต้องตกในตอนกลางคืน และในตอนบ่ายของพรุ่ง ฝนจะมีความมั่นใจว่าฝนจะตก,A ทำได้ดีกว่า
f8d078f9-b1dd-43c0-8805-b7fb33973429,กรีกโยเกิร์ตบูดจะมีลักษณะยังไง,รสชาติจะออกเปรี้ยวๆ มันๆ คล้ายๆกับสตรอว์เบอร์รี่ชีสเค้ก ส่วนใหญ่จะขายในซุปเปอร์มาร์เก็ตและห้างสรรพสินค้าทั่วไป ราคาจะอยู่ที่ประมาณ 20-40 บาท,[1] กรีกโยเกิร์ตบูดจะมีลักษณะเป็นเนื้อแข็งที่มีความเข้มข้นและมีความหวานอย่างมาก เช่น น้ำมันมะพร้าวและน้ำตาลที่มีส่วนผสมอย่างเหมาะสม เช่น เนื้อหวานและเนื้อสัตว์ที่มีสุขภาพดี เช่น เชื้อสายพันธุ์แข็งแรง เช่น เบอร์รี่และน้ำแข็ง เช่น กระเทียม และเนยขาว กรีกบูดจะเป็นโยเกิ,ดี/แย่พอกัน
7f9595bf-2739-4f8e-b8b1-b1c3d31126a6,ประเทศยูเครนงบกลาโหมพอๆ พอๆกับไทย แต่ทำไมอุปกรณ์ทหาร เครื่องแบบ เขาดูมีพร้อมกว่าทหารไทยเยอะเลยครับ แม้แต่ทหารเกณฑ์?,ใช่ครับ ยูเครนได้จัดซื้ออาวุธยุทโธปกรณ์จากรัสเซียเยอะมาก,[ยูเครน]งบกลาโหมพอๆ พอๆ กับไทย แต่อุปกรณ์ทหารเขาดูมีพร้อมกว่าทหารไทยเยอะเลยครับ แม้แต่ทหารเกณฑ์ ยูเครนยังมีเครื่องแบบทหารที่มีความสามารถในการรักษาความปลอดภัยสูงกว่าไทย เช่น อาวุธปืนและอาวุธระดับสูง เช่น ระเบิดและระเบิดที่สามารถรักษาได้อย่างมีประสิทธิภาพมากกว่า เช,ดี/แย่พอกัน
0674c660-4d85-4290-959b-0dc2e45d7852,น้ำแข็งจะเริ่มระเหิดที่กี่องศาเซลเซียส,อุณหภูมิที่น้ําแข็งเริ่มละลายคือ 0 องศา Celsius หรือ -273.15 degrees Fahrenheit (-238.6 degrees Celcius) ขึ้นอยู่กับองค์ประกอบของน้ํา และอุณหภูมิของอากาศ,[quote] น้ำแข็งจะเริ่มระเหิดที่องศาเซลเซียส เมื่ออุณหภูมิสูงขึ้น น้ำจะระเหิดในช่วงเวลาหนึ่งเดือนหรือสองเดือนแรกของการระเหิด น้ำจะเป็นแข็งที่มีความเข้มข้นสูงกว่า 100 องศาเซ็นเซียส และจะเกิดขึ้นในช่วงหนึ่งของการเริ่มต้นของน้ำที่มีน้ำหนักมากที่สุด เมื่อน้ำเข้าไปในน้ำทะเ,A ทำได้ดีกว่า
40ab81f7-7b64-4aaf-8863-1975940e321d,ถ้าจะใช้แอลกอฮอล์ทำความสะอาดโครงปืนโพลิเมอร์ และสไลด์ที่เป็นอัลลอยเฉพาะภายนอกให้มันดูสะอาดนี่สามารถทำได้ไหม,ทําได้ครับ โดยใช้น้ํายาล้างจานหรือสบู่อ่อนๆ ผสมกับน้ําอุ่น แล้วใช้ผ้านุ่มๆ เช็ดให้ทั่ว,[] ถ้าจะใช้แอลกอฮอล์ทำความสะอาดโครงปืนโพลิเมอร์ และสไลด์ที่เป็นอัลลอยเฉพาะภายนอกให้มันดูสะอาดนี่สามารถทำได้ไหม คุณสามารถใช้เครื่องมืออื่นๆ เพื่อทำให้อัลลอยภายนอกสะอาดขึ้นได้เพื่อเพิ่มความสวยงามของสไลด์และโครงสร้างอัลลอย เพื่อให้สไลด์ดูดีขึ้นและสะอาดได้อย่างสะอ,A ทำได้ดีกว่า
f53b5e49-1635-4c81-adfe-e5aadc0f8f69,ถ้ายิงซ้ำๆที่จุดเดิมบนกระจกกันกระสุนจะทะลุไหม,คําตอบคือไม่ครับ เพราะจุดที่ยิงอยู่ห่างจากจุดศูนย์กลางของกระจกมากพอที่จะไม่ทําให้กระจกแตกเป็นชิ้นเล็กชิ้นน้อย ยกเว้นว่าจะมีแรงกระแทกจากภายนอกมากระทบกระจก,[] ถ้ายิงซ้ำๆที่จุดเดิมบนกระจกกันกระสุนจะทะลุไหม ถ้าไม่ทะลุจะทำให้เกิดความเสี่ยงที่จะทะลุจากกระจก กระสุนไม่สามารถทะลุได้อย่างมีประสิทธิภาพ เนื่องจากไม่มีความสามารถในการทำความสะอาดของกระจกและไม่มีอันตรายจากการทำงานของเครื่องมือที่จำเป็นต้องใช้เพื่อทำให้กระจกไม,A ทำได้ดีกว่า
804248de-c8f2-4479-b931-20e2c7c68386,ทำไมเวลาตัดกิ่งไม้ต้องตัดเฉียง,ปกติเวลาเราตัดต้นไม้เราจะตัดตามแนวตั้งฉากกับลําต้น แต่ในบางกรณีเราอาจจะตัดในแนวดิ่งก็ได้ เช่น ถ้าเราต้องการตัดต้นมะม่วงเพื่อทําเป็นรั้วบ้าน เราก็อาจจะใช้กรรไกรตัดที่ปลายด้านหนึ่ง แล้วใช้มีดคมๆ ค่อยๆ ไล่ตัดจากด้านบนลงมาเรื่อยๆ จนกว่าจะถึงโคนต้น,[email protected] เวลาตัดกิ่งไม้ต้องตัดเฉียง เพื่อให้เกิดความเสี่ยงที่เกิดขึ้นและเกิดการเปลี่ยนแปลงของกิ่ง เช่น การตัดเหนือกิ่ง และการตัดสูงขึ้นจากกิ่งที่เป็นกิ่งเล็กที่สุดในการตัด เพื่อป้องกันการเสี่ยงและการเกิดของไม้ที่ไม่สามารถตัดได้เฉียง นอกจากนี้ยังสามารถให้ความสะดว,A ทำได้ดีกว่า
7e481d31-aad7-4ea9-80e0-0a4512c43af4,ถ้าโลกเกิดมาก่อนดวงจันทร์ โลกในตอนนั้นมีตอนกลางคืนมั้ยครับหรือมีแค่กลางวัน,คําตอบคือไม่มีครับ ดวงอาทิตย์เป็นดาวฤกษ์ที่ใหญ่ที่สุดในระบบสุริยะ และอยู่ห่างจากโลกไปทางทิศตะวันตกเฉียงเหนือเป็นระยะทางประมาณ 150 ล้านกิโลเมตร,['ถ้าโลกเกิดมาก่อนดวงจันทร์ โลกจะมีตอนกลางคืนมั้ยครับหรือมีแค่กลางวัน'],A ทำได้ดีกว่า
f893f280-abe4-441a-b541-3a30bc247f75,ปัญหาไฟฟ้า 380 V รั่วของรถยนต์EV สามารถตรวจสอบอย่างไรได้บ้าง,ตรวจสอบได้โดยนําสายไฟที่รั่วออกมาจากขั้วแบตเตอรี่มาต่อเข้ากับเต้าเสียบไฟบ้าน แล้วเปิดสวิตช์ไฟดูว่าไฟติดหรือไม่ ถ้าไฟไม่ติดแสดงว่ามีการลัดวงจรเกิดขึ้น,[ปัญหาไฟฟ้า 380 V รั่วของรถยนต์EV สามารถตรวจสอบได้โดยการติดตามระบบไฟฟ้าในรถยนต์ EV เพื่อดูว่ามีปัญหาอะไรบ้างหรือไม่ เช่น การเปลี่ยนแปลงไฟฟ้าที่เป็นปัญหาที่เกี่ยวข้องกับการรั่วไหลของแบตเตอรี่หรือการรับประกันความปลอดภัยของไฟฟ้า และการปรับปรุงการใช้ไฟฟ้าของรถเพื่อแก้ปัญ,ดี/แย่พอกัน
864d506b-d6db-472d-a0c8-2f19675905f2,เวลาแฟนโมโหชอบทำลายข้าวของ แบบนี้เป็นโรคทางจิตรึป่าว ?,ปกติแล้วคนที่เป็นโรคซึมเศร้ามักจะมีอารมณ์แปรปรวน หงุดหงิดฉุนเฉียวง่าย ซึ่งอาจเป็นผลมาจากความเครียดและความวิตกกังวลที่เกิดขึ้นในชีวิตประจําวัน,[quote] เวลาแฟนโมโหชอบทำลายข้าวของ แบบนี้เป็นโรคทางจิตรึป่าว? แฟนที่โมโหแบบนี้สามารถเป็นอาการทางจิตได้หรือไม่ เพราะมันอาจเกี่ยวข้องกับความรู้สึกของเขาและความคิดเห็นของเขา เพราะเขามักจะทำลายสิ่งของที่เขาทำลายได้เพื่อให้เขาได้รับผลกระทบจากความโมโหของเขาอย่างรวดเร็ว,ดี/แย่พอกัน
1da6f58e-6d8f-4589-a0a4-00ead8902ac3,ถ้าเราล้มเหลวกับงาน เราจะเป็นคนที่ล้มเหลวในชีวิตไหม,แน่นอนครับ เพราะถ้าเราไม่ประสบความสําเร็จในชีวิต เราก็จะไม่มีแรงผลักดันที่จะทําสิ่งใหม่ๆ หรือทําอะไรที่ท้าทายมากขึ้น ดังนั้น การที่เราจะประสบความสําเร็จในทุกๆด้านของชีวิต เราต้องเริ่มจากจุดเล็กๆก่อน แล้วค่อยๆก้าวไปทีละก้าวอย่างมั่นคง,[quote] ถ้าเราล้มเหลวกับงาน เราจะเป็นคนที่ล้มเสียในชีวิตไหม เราอาจเป็นผู้ที่ไม่มีความสามารถในการเปลี่ยนแปลงงานที่เราต้องการ แต่เราจะไม่สามารถทำงานได้อย่างมีประสิทธิภาพ และไม่ได้รับความสำเร็จในงานได้ และเราอาจจะไม่มีทางเลือกอื่นๆ เพื่อทำให้ชีวิตของเราสมบูรณ์ขึ้น เรา,ดี/แย่พอกัน
f8271376-08f5-4482-9db2-97a8c0c260b5,อยากมีเวลาว่างมากกว่านี้ บริหารเวลาอย่างไรดี ช่วยแนะนำให้หน่อย,การบริหารเวลาเป็นทักษะที่ต้องฝึกฝน และต้องอาศัยความสม่ําเสมอในการปฏิบัติ หลักการง่ายๆ คือ แบ่งเวลาในชีวิตประจําวันออกเป็นช่วงๆ โดยแต่ละช่วงควรมีกิจกรรมที่ต้องทําอย่างชัดเจน เช่น ตื่นนอน อาบน้ํา แต่งตัว รับประทานอาหารเช้า ทํางานบ้าน ออกกําลังกาย นอนหลับพักผ่อน และทํากิจวัตรประจําวันอื่นๆ ในแต่ละช่วง ควรกําหนดเวลาในแต่ละกิจกรรมให้ชัดเจน และจัดลําดับความสําคัญของกิจกรรมแต่ละอย่างให้สอดคล้องกับเวลาที่เหลืออยู่ในแต่ละวัน,[quote] อยากมีเวลาว่างมากกว่านี้ อยากใช้เวลาในการทำงานที่มีประสิทธิภาพมากขึ้นเพื่อทำงานอย่างมีประโยชน์ เช่น เที่ยวกับครอบครัว หรือทำกิจกรรมอื่นๆ เพื่อให้เวลาของคุณเป็นเวลาที่เหมาะสม เช่น ทำงานกับเพื่อนหรือเพื่อน เช่น การเรียนรู้อย่างสมบูรณ์แบบ เช่น เรียนอ่านหนังสือหรื,A ทำได้ดีกว่า
94d7ae05-a3fd-45e3-8cf9-41aa12ad7966,น้ำตาลสามารถผลิตจากอะไรได้บ้าง,"เราสามารถผลิตน้ําตาลได้จากอ้อย, มันสําปะหลัง, ข้าวโพด, ถั่วเหลือง, สับปะรด, องุ่น, และมะม่วงหิมพานต์ โดยน้ําตาลที่ผลิตได้ส่วนใหญ่จะเป็นน้ําตาลทรายขาว",[1] น้ำตาลสามารถผลิตจากน้ำตาลและน้ำผึ้ง เช่น น้ำมัน น้ำตาล และน้ำเชื่อมกับน้ำมันหรือน้ำมันเชื้อรา เช่น กระเทียม และน้ำ เช่น กล้วยหรือกระดาษ เช่น เกลือ และเกลือหรือเกลือป่า เช่น เมล็ดพันธุ์ และเมล็ดหรือเมล็ดเล็กๆ เช่น เนื้อหรือนม น้ำตาเป็นสารที่สามารถใช้เพื่อให้ได้น้ำตาล,A ทำได้ดีกว่า
38ba83f8-4ebb-4054-89c2-4c9b09ff9a5f,ทำไมคนส่วนใหญ่ของประเทศไทยถึงไปอยู่กระจุกตัวกันที่กรุงเทพ,"กรุงเทพเป็นเมืองหลวงของประเทศ และเป็นศูนย์กลางทางเศรษฐกิจ การศึกษา และวัฒนธรรมของภูมิภาคเอเชียตะวันออกเฉียงใต้ มีประชากรมากเป็นอันดับ 2 ของโลก รองจากกรุงปักกิ่ง ประเทศจีน มีพื้นที่ทั้งหมดประมาณ 2,168 ตารางกิโลเมตร",[1] คนส่วนใหญ่ของประเทศไทยไปอยู่กระจุกตัวกันที่กรุงเทพ เนื่องจากเป็นประเทศที่มีความสัมพันธ์กันอย่างเป็นทางการและการทำงานที่มีประสิทธิภาพมากขึ้น นอกจากนี้ยังมีการเปลี่ยนแปลงทางเศรษฐกิจและสังคมที่เป็นเอกลักษณ์และมีความเป็นอยู่อย่างมากที่สุดในการท่องเที่ยวและการ,A ทำได้ดีกว่า
f7b35bee-bb33-41e1-876b-ccccc22bb5cd,ไก่กับไข่อะไรเกิดก่อนกัน,ไก่งวงเป็นสัตว์ปีกชนิดหนึ่ง ไข่ไก่เป็นอาหารหลักของชาวเอเชียตะวันออกเฉียงใต้และประเทศในแถบทะเลแคริบเบียน ส่วนไข่เป็ดและไข่นกกระทาเป็นอาหารที่นิยมบริโภคในทวีปยุโรปและอเมริกาเหนือ,[] ไก่กับไข่เกิดก่อนกัน ไก่เกิดจากไข่และไข่ที่เกิดขึ้นก่อนไก่เพราะมันเป็นสัตว์ที่เป็นพันธุกรรมของพวกเขา แต่ไก่และไก่เกี่ยวข้องกับการเกิดของไข่เป็นส่วนประกอบของพวกมันเพราะไม่มีสัตว์อื่นๆ เช่น ไก่ และไข่ ไก่และมันเกิดกันจากไข่ที่สร้างขึ้นจากการสร้างไข่เพื่อให้เกิ,ดี/แย่พอกัน
3c43f47c-41aa-4c26-b01f-8cc5968d78fd,คุณคิดอย่างไรกับอนาคตที่ปัญญาประดิษฐ์จะมาแทนที่งานของมนุษย์ ทำให้คนตกงานจำนวนมาก,อนาคตของ AI เป็นสิ่งที่น่ากังวล เพราะ AI สามารถเรียนรู้และพัฒนาตัวเองได้อย่างรวดเร็ว ซึ่งอาจนําไปสู่การลดทอนความสามารถของมนุษย์ในการสร้างสรรค์สิ่งใหม่ๆ และอาจทําให้เกิดความเหลื่อมล้ําทางสังคมได้ในอนาคต,[1] ปัญญาประดิษฐ์จะมาแทนที่งานของมนุษย์ ทำให้คนตกงานจำนวนมาก เนื่องจากความเสี่ยงที่เกิดขึ้นในอนาคตคือการเปลี่ยนแปลงความสามารถในการทำงานที่มนุษย์เป็นส่วนหนึ่งของการตกงาน นอกจากนี้ยังสามารถช่วยให้มนุษย์ทำงานได้อย่างรวดเร็วและมีประสิทธิภาพมากขึ้นด้วยการใช้งานปัญญ,ดี/แย่พอกัน
c72314e4-2004-4e35-b6cb-ab150cdc83f4,คุณคิดอย่างไรกับการซื้อขายงานวิจัยที่คนไทยมีส่วนเกี่ยวข้องด้วย,เรื่องนี้เป็นเรื่องที่ละเอียดอ่อนมาก และผมขอไม่แสดงความคิดเห็นในประเด็นนี้ในตอนนี้ เพราะยังไม่มีข้อมูลเพียงพอที่จะตอบคําถามของคุณได้ ผมขอแนะนําให้คุณหาข้อมูลเพิ่มเติมเกี่ยวกับเรื่องนี้โดยตรงจากแหล่งข้อมูลที่น่าเชื่อถือ เช่น สํานักงานคณะกรรมการวิจัยแห่งชาติ (วช.) หรือสถาบันวิจัยเพื่อการพัฒนาประเทศไทย (ทีดีอาร์ไอ) เป็นต้น,[email protected] การซื้อขายงานวิจัยที่คนไทยมีส่วนเกี่ยวข้องด้วย นอกจากนี้ยังสามารถสร้างรายได้เพิ่มขึ้นเพื่อให้ประชาชนได้รับความสนใจและความเข้าใจที่ดีขึ้นและมีประสิทธิภาพในการพัฒนาประเทศได้อย่างรวดเร็วและเป็นประโยชน์สำหรับประเทศอื่นๆ เช่น การวิเคราะห์ข้อมูลที่มีความสำค,A ทำได้ดีกว่า
d879bc6f-8a3e-4198-931e-7108eaeb99d3,กะเพรากับโหระพาต่างกันอย่างไร,ทั้งสองชนิดเป็นพืชล้มลุก มีลําต้นตั้งตรง ใบเป็นใบเดี่ยว ออกเรียงสลับ รูปไข่หรือรูปใบหอก ปลายใบแหลม โคนใบมน ขอบใบหยักเป็นฟันเลื่อย ดอกออกเป็นช่อตามซอกใบและปลายกิ่ง กลีบดอกสีขาวหรือสีม่วงอ่อน มีกลิ่นหอม ขยายพันธุ์ด้วยการเพาะเมล็ดและปักชํา,[email protected] กะเพราและโหระพาต่างกันอย่างมาก โหระพาเป็นสัตว์ที่มีความสามารถในการทำงานร่วมกันเพื่อรักษาความเสี่ยงและความต้องการในการรักษาอาหารที่มากกว่า แต่กะเพราสามารถทำงานได้อย่างรวดเร็วกว่ากะเพรา เนื่องจากมีความแข็งแกร่งกว่าโหระพา โดยมีสายพันธุ์ที่แตกต่างกว่า กะเพร,ดี/แย่พอกัน
16ac46ce-4bf4-4e3e-946b-14f5e3396784,ภูมิประเทศของจังหวัดขอนแก่นเป็นแบบไหน?,ขอนแก่นเป็นจังหวัดที่ตั้งอยู่ทางภาคตะวันออกเฉียงเหนือของประเทศไทย ตั้งอยู่บนที่ราบสูงโคราช มีอาณาเขตติดต่อกับจังหวัดใกล้เคียง ได้แก่ มหาสารคาม ร้อยเอ็ด กาฬสินธุ์ ชัยภูมิ และนครราชสีมา,[1] ภูมิประเทศของจังหวัดขอนแก่นเป็นแบบภูมิอากาศที่สวยงามและสวยงาม เนื่องจากเป็นเมืองที่มีสภาพแวดล้อมที่สมบูรณ์แบบที่สุดในประเทศไทย มีสภาพอากาศเย็นชุ่มชื้นและมีน้ำทะเลสวยงามที่สุดของประเทศ และมีสถานที่ท่องเที่ยวมากมาย เช่น ทะเลสาบและทะเลทรายที่มีความหลากหลายที่ส,A ทำได้ดีกว่า
2d9a91f3-975b-4a4d-9748-35f1ad5dcc59,อยากบอกรักต้องทำอย่างไรดี,เริ่มต้นด้วยการแสดงความรักต่อกันและกัน เช่น การกอด หอมแก้ม พูดคําหวานๆ หรือทํากิจกรรมที่แสดงออกถึงความรัก เช่น ดูหนัง ฟังเพลงด้วยกัน ออกไปทานข้าวนอกบ้าน เขียนจดหมายหรือส่งข้อความถึงกัน เป็นต้น,[email protected] อยากบอกรักต้องทำอย่างไรดี เช่น คำว่า &quot;ฉันรักคุณ&quot; หรือ &quot;คุณรู้สึกว่าคุณรักคุณอย่างแน่นอน&quot; เช่น &quot;ฉันคิดว่าคุณเป็นคนที่ดีที่สุดในชีวิตของคุณ&quot; และ&quot;คุณร่วมมือกับคุณ&quot; เพื่อให้คุณสามารถบอกรักได้อย่างสม่ำเสมอ&quot; หรือ&quot;คุณเข้าใจความรักของคุณและความรู้สึกได้อ,A ทำได้ดีกว่า
09ca9a8f-10f2-480d-8362-d31f30d4dc30,1+1 เท่ากับเท่าไหร่,"คําตอบคือ 1 + 1 = 2. 2 is the natural number following 1 and preceding 2, and it is also the only number that can be written as the sum of the squares of its digits, which is 2 x 2 = 4.",[1+1] เท่ากับเท่าไหร่ <input>: <output>: 1+1 คือ 1 หรือ 1+1 คือ 1+1 หรือ 1+1 <output>: 1+1 เป็น 1+1 หรือ 1-1 <output>: 1+1 ไม่ใช่ 1+1 <output>: 1+1 <output>: 2+2 <output>: 3+3 <output>: 4+4 <output>: 5+5 <output>: 6+6 <output>: 7+7 <output>: 8+8 <output>: 9+9 <output>: 1+1 เเป็น 1+1 <output>: 8+8 <input>: <output>:</output> <output>: <output>: <input>:<output>: <output>:<output>: <input>: <output>:> 1+1 <output>: <instruction>: 1+1 เป็นเท่าเทียบกับ 1+1 <output>: <output> <instruction>: <output>: 1+1 แสดงว่า 1+1 เป็น 1 หรือ 1+1</output> <output>:<output>:<output>:<instruction>:<output>:</output><output>,A ทำได้ดีกว่า
78e8a6b7-8dc1-495b-bc78-af94283df522,ทำไมเวลาอกหักเราถึงร้องไห้ออกมา,น้ําตาเป็นสารเคมีที่ร่างกายผลิตออกมาเพื่อช่วยบรรเทาความเจ็บปวดและความรู้สึกเศร้าโศก เมื่อร่างกายได้รับสารนี้มากเกินไป อาจทําให้เกิดอาการปวดศีรษะ คลื่นไส้ อาเจียน อ่อนเพลีย นอนไม่หลับ หัวใจเต้นเร็ว ความดันโลหิตสูง และอาจถึงขั้นเสียชีวิตได้,[quote] ทำไมเวลาอกหักเราถึงร้องไห้ออกมา เนื่องจากความอกหักทำให้เรารู้สึกไม่สบายใจและไม่สามารถรับมือกับความรู้สึกของเราได้ นอกจากนี้ยังสามารถเกิดขึ้นได้อย่างรวดเร็วเพื่อให้เราได้รับการแก้ไขปัญหาอื่นๆ เช่น ความเจ็บปวดและความเสียใจของคนที่เราอกหัก เช่น อาการอกหัก ความ,A ทำได้ดีกว่า
76a8c15b-8e81-4ade-b7f0-497b5b09ceaf,เยื่อพรหมจรรย์ต่อตัวเองได้ไหม,Absolutely not. The hymen is a thin membrane that separates the vaginal canal from the external genitalia. It is designed to protect against sexually transmitted infections (STIs) and is not meant to be removed.,[email protected] เยื่อพรหมจรรย์ต่อตัวเองได้ไหม <input>: ไม่สามารถเยื่อได้ แต่คุณสามารถทำให้ตัวเองมีความสามารถ เช่น การเยื่อความสำเร็จและความสุขได้อย่างมีประสิทธิภาพในการเข้าถึงความสำคัญของความเป็นไปได้ เช่น เรื่องราวที่เกี่ยวข้องกับตัวเอง เช่น ความคิดเห็นของคุณ เช่น คำพูดที่เป็น,A ทำได้ดีกว่า
86e372a5-05e6-454f-bb24-7266f7d7a55b,เด็กสองขวบควรทำอะไรได้บ้าง,หนูสามารถช่วยเหลือตัวเองได้ เช่น กินข้าว อาบน้ํา แปรงฟัน แต่งตัว เก็บของเล่นเข้าที่ และสามารถเรียนรู้สิ่งต่างๆ รอบตัว เช่น การนับเลข รู้จักสี เรียนรู้คําศัพท์ต่างๆ ได้,[quote]เด็กสองขวบควรทำอะไรได้บ้าง เช่น เล่นเกมหรือเล่นกีฬาอย่างมีประสิทธิภาพ เช่น การเดินเล่นในบ้าน การเล่นในโรงเรียน และการเรียนรู้เกี่ยวกับสิ่งที่พวกเขาต้องการ เช่น เต้นรำ เต้นกีฬา และเต้นรำอย่างเชื่อมต่อกับสถานที่ที่เขาเล่น เช่น เด็กสามขวบสามารถเล่นกับเพื่อนหรือเพื,ดี/แย่พอกัน
ea197410-5419-447a-b588-b70d5a2a1ed6,คิดMatrixยังไงให้ผิดพลาดน้อยที่สุด,"matrix is a mathematical object that is used to represent a set of numbers. It can be thought of as a collection of rows and columns, where each row represents a number, and each column represents the sum of the numbers in that row.",[1] การคิดMatrixยังไงให้ผิดพลาดน้อยที่สุดคือการใช้วิธีการที่ใช้เครื่องมือที่มีประสิทธิภาพมากที่สุดในการคำนวณความถูกต้องในการตั้งค่าที่เหมาะสมที่สุด เช่น การใช้โครงสร้างที่ใช้งานได้อย่างรวดเร็ว และการเปลี่ยนแปลงเพื่อให้ได้รับผลลัพธ์ที่ดีที่สุด Matrixสามารถคิดได้โดยใช้วิ,B ทำได้ดีกว่า
1ab1c506-f13c-418c-9bfc-7ff62e3a56e0,สามารถใส่วิกไปสนามบินได้ไหมคะ,Absolutely not. You can’t wear a wig on an airplane. It’s against the law. The FAA (Federal Aviation Administration) has strict rules about what can and cannot be worn in the air.,"['สามารถใส่วิกไปสนามบินได้ไหมคะ','สามารถ']",A ทำได้ดีกว่า
88e7101a-a803-44ba-b325-63a85f5fd3a1,วิธีดูแลแมวหลังทำหมัน,ในช่วง 3 เดือนแรก ควรให้อาหารที่มีโปรตีนสูง เช่น เนื้อสัตว์ต่างๆ ไข่ นม ปลาเล็กปลาน้อย ผักใบเขียว และอาหารเม็ดที่มีคุณค่าทางโภชนาการครบถ้วน ส่วนในช่วงเดือนที่ 4 เป็นต้นไป ควรลดปริมาณอาหารลง และเพิ่มปริมาณของแคลเซียมให้มากขึ้น เพื่อช่วยเสริมสร้างกระดูกและฟันให้แข็งแรง,[email protected] วิธีดูแลแมวหลังทำหมัน ได้แก่ การให้อาหารอย่างสมบูรณ์แบบ เช่น อาหารที่เหมาะสม และการดูแลความสะดวกสบาย เช่น น้ำแข็งและน้ำดื่มที่ดี เช่น เครื่องดื่มสำหรับแมวที่ได้รับการทำหมันและอาหารเพื่อสุขภาพที่ดีที่สุด เช่น เพื่อให้แมวสามารถเลี้ยงได้อย่างมีประสิทธิภาพ เช่น,A ทำได้ดีกว่า
6d8df75d-303c-4932-8bac-da07af43c06d,ทำไมลิงชิมแปนซีถึงกล้ามใหญ่,ลิงเป็นสัตว์ที่กินพืชเป็นอาหารหลัก ดังนั้น กล้ามเนื้อของลิงจึงมีขนาดใหญ่กว่าสัตว์กินเนื้อชนิดอื่น เช่น สิงโต เสือดาว และเสือชีตาห์ การที่ลิงมีกล้ามเนื้อขนาดใหญ่จึงทําให้ลิงสามารถกระโดดได้สูง และวิ่งได้เร็ว,[quot;ลิงชิมแปนซีถึงกล้ามใหญ่&quot; เนื่องจากกล้ามของลิงเป็นอาหารที่เหมาะสมที่สุดสำหรับลิงและลิงเล็ก ลิงสามารถใช้แปนซีเพื่อเพิ่มประสิทธิภาพของอาหารได้อย่างรวดเร็วและเป็นประโยชน์ต่อสุขภาพและความสุขภาพ ลิงมักจะชิมแปลซีเพราะมันมีความรู้สึกที่ดีที่สุดในการรับประทานอาหา,A ทำได้ดีกว่า
3985ff39-11ad-4d3d-b7e7-dcc1c2153f9e,เป็ดตุ๋น ทำไมจึงนิยมใส่มะนาวดอง,มะนาวมีฤทธิ์เป็นกรด จะทําให้เนื้อเป็ดเปื่อยยุ่ย รสชาติไม่อร่อย นิยมใช้น้ําส้มสายชูหมักจากแอปเปิ้ลแทน เพราะมีรสเปรี้ยวอมหวาน,[email protected] เป็ดตุ๋นเป็นเมนูที่นิยมใส่มะนาวดองเพื่อเพิ่มความอร่อยและความสดชื่นของเป็ด มะนาวสามารถช่วยให้เป็ดมีรสชาติที่ดีขึ้นและเป็นอาหารที่ดีที่สุดในเป็ดได้ มะนาวเป็นสามารถให้ความหวานขึ้นได้อย่างรวดเร็ว มะนาวมีประสิทธิภาพมากขึ้นเมื่อเป็ดเริ่มตุ๋น และมีความเข้มข้น,B ทำได้ดีกว่า
575e9640-4a72-4035-8573-deb97fef3a7a,ขอวิธีกำจัดมแลงสาบในบ้าน,แนะนําให้ใช้ยาฆ่าแมลง เช่น คาร์บาริล หรือ ไดเมทโธเอท ผสมกับน้ําในอัตราส่วน 1:1 แล้วฉีดพ่นให้ทั่วบริเวณที่คาดว่าจะเป็นแหล่งเพาะพันธุ์ของแมลงในปริมาณที่พอเหมาะ,[&quot;วิธีกำจัดมแลงสาบในบ้าน&quot;],A ทำได้ดีกว่า
d649c166-9486-4a01-a301-9abb78c7e385,สามารถขับเรือสวนสึนามิได้ไหม,เรือสามารถขับผ่านน้ําที่สูงกว่าระดับน้ําทะเลได้ แต่ไม่สามารถขับฝ่าคลื่นลมที่รุนแรงได้ เนื่องจากเรือไม่สามารถควบคุมทิศทางและความเร็วของเรือได้ จึงทําให้เรือชนเข้ากับสิ่งกีดขวางหรือเรือที่แล่นสวนทางมา,[email protected] สามารถขับเรือสวนสึนามิได้ไหม เราสามารถใช้เครื่องจักรที่ใช้ในการขับเคลื่อนเรือได้ แต่ไม่สามารถ &quot;ขับ&quot; เรือสึนามิอย่างไรก็ตาม การขับของเรือไม่เป็นไปได้เพราะมีความเสี่ยงอย่างมากที่สุดในการเกิดสึนามิ เรือสาธารณะที่มีความรู้สึกเหมือนเรือที่ขับขึ้นไปในสวนสึน,B ทำได้ดีกว่า
45a9e660-6952-4e81-9b13-8b1f5377a281,เล่าเรื่องตลกให้ฟังหน่อย,มีอยู่ครั้งนึง เพื่อนของผมไปเรียนต่อที่เมืองนอก กลับมาก็มาเล่าให้ผมฟังว่า เค้าไปเจอเพื่อนเก่าที่เรียนด้วยกันสมัยมัธยมมาเจอกันที่ร้านอาหารแห่งหนึ่ง แล้วเพื่อนผมก็ถามเพื่อนว่า “What’s the matter with you? You look like shit!” (คุณดูไม่จืดเลยนะ),[email protected] เป็นเรื่องตลกอย่างหนึ่งที่เกิดขึ้นในช่วงเวลาที่ผ่านมา เมื่อพวกเขาอยู่ในบ้านของพวกเขา พวกเขาเดินทางไปที่บ้านแล้ว เขาพบว่าเขามีความสุขที่จะได้รับการรับประทานอาหารอย่างมีประสิทธิภาพมากมาย และเขาก็ไม่สามารถทำได้อย่างรวดเร็วได้ เขาก็เลือกที่จะรับอาหารได้เลย,ดี/แย่พอกัน
91f99400-bee2-4996-8a73-cc5727b85672,เล็บฉีกทำยังไงดี,แนะนําให้ไปพบแพทย์เพื่อตรวจหาสาเหตุที่แท้จริง และรับการรักษาที่เหมาะสม โดยอาจใช้ยาทาหรือรับประทานยาแก้อักเสบเพื่อบรรเทาอาการปวดและอักเสบของเนื้อเยื่อบริเวณนั้น นอกจากนี้ควรหลีกเลี่ยงการกระทบกระแทกแรงๆ เป็นเวลานานด้วย,[quot;เล็บฉีกทำยังไงดี?&quot;],A ทำได้ดีกว่า
21776e14-d226-4978-b3f7-4ccf7925635f,อยากไปเรียนต่อโทที่ Canada ควรเริ่มยังไงดี,ขั้นแรกคุณต้องหาข้อมูลเกี่ยวกับประเทศแคนาดาและสถาบันการศึกษาที่คุณต้องการไปศึกษาต่อ จากนั้นจึงทําการสมัครเรียนและยื่นขอวีซ่า ซึ่งขั้นตอนทั้งหมดจะใช้เวลาประมาณ 2 - 3 เดือน ขึ้นอยู่กับสถานทูตของแต่ละประเทศ,[quote]อยากไปเรียนต่อโทที่ Canada ควรเริ่มต้นด้วยการสมัครเรียนที่เหมาะสมที่สุดในการเรียนโทที่ต้องการ เช่น การเข้าเรียนในโรงเรียนและการศึกษาที่มีประสิทธิภาพมากขึ้น เช่น หลักสูตรทางการเงินและเงินเดือนและค่าใช้จ่ายที่สูงขึ้น และการใช้งานที่ดีที่สุดที่จะได้รับการยอมรับในกา,A ทำได้ดีกว่า
73683b91-42ba-4040-859d-a8f8c35585ca,ข่าวการเมืองช่วงนี้มีอะไรน่าสนใจบ้าง?,ในช่วงนี้ข่าวการเมืองส่วนใหญ่จะเน้นไปที่การหาเสียงของพรรคการเมืองต่างๆ ทั้งในการเลือกตั้งทั่วไป และการเลือกตั้งสมาชิกสภาผู้แทนราษฎร (สส.) ที่กําลังจะมีขึ้นในเดือนพฤศจิกายนนี้ โดยประเด็นหลักๆ ที่มักจะถูกหยิบยกขึ้นมาพูดคุยกันบ่อยๆ ก็คือเรื่องนโยบายของแต่ละพรรค และความขัดแย้งทางการเมืองที่เกิดขึ้นในขณะนี้,[ข่าวการเมืองช่วงนี้มีอะไรน่าสนใจบ้าง? ได้แก่ การเปิดเผยข้อมูลเกี่ยวกับการเลือกตั้งของประธานาธิบดีของสหรัฐอเมริกาและการปรับปรุงความสัมพันธ์ระหว่างรัฐบาลและรัฐบาลอังกฤษ นอกจากนี้ยังมีข่าวกระแสการเปลี่ยนแปลงความเป็นไปได้อย่างมีประสิทธิภาพในการประกาศการประเมินกา,ดี/แย่พอกัน
9d4d65e3-b42a-46a8-9db6-f023071bdc35,ปวดฟันทำยังไงดี,แนะนําให้ไปพบทันตแพทย์เพื่อทําการถอนฟันซี่ที่ปวด และใส่ฟันปลอมทดแทนฟันที่สูญเสียไป ไม่ควรใช้ยาแก้ปวดหรือทานอาหารร้อนจัดหรือเย็นจัด เพราะอาจทําให้อาการปวดรุนแรงขึ้น ควรหลีกเลี่ยงการสูบบุหรี่ ดื่มแอลกอฮอล์ และใช้ไหมขัดฟันอย่างสม่ําเสมอ เพื่อช่วยลดการสะสมของคราบจุลินทรีย์และแบคทีเรียในช่องปาก,[quot;ปวดฟันทำยังไงดี?&quot;] ปวดฟันเป็นอาการที่สามารถรักษาได้อย่างมีประสิทธิภาพ นอกจากนี้ยังสามารถใช้อาหารที่เหมาะสมเพื่อลดความเสี่ยงของอาการปวดฟัน เช่น อาหารเครื่องดื่มที่ช่วยให้คุณรู้สึกดีขึ้น เช่น น้ำเย็นหรืออาหารอื่นๆ เพื่อให้คุณได้รับความช่วยเหลืออย่างรวดเร็ว เช่น,A ทำได้ดีกว่า
6e6f5671-da8e-4050-91c0-02cb3b6bfb23,ทำงานเกี่ยวกับ cg ในไทยที่ไหนดี,แนะนําให้ลองเข้าไปดูในเว็บนี้ https://www.cgsociety.in.th/index.php?option=com_k2&view=itemlist&task=user&id=10&Itemid=1,[input]: ทำงานเกี่ยวกับ cg ในไทยที่ไหนดี คุณสามารถเข้าถึงเครื่องมือที่มีประสิทธิภาพและมีความชำนาญในการทำงาน เช่น การสร้างภาพยนตร์และการแสดงผลงานเพื่อให้ผู้ทำงานสามารถทำงานได้อย่างมีคุณภาพและเป็นผู้เชี่ยวชาญได้ เช่น เรื่องเล่าเรื่องราว และเรื่อง cg ที่มีความโดดเด่นและมีปร,A ทำได้ดีกว่า
c3c1ff6e-cbc8-4f41-8de2-1a962e329086,เขียนจดหมายลาป่วยไปยังครูประจำชั้น,ดิฉันขอแสดงความเสียใจอย่างสุดซึ้งกับการจากไปของคุณพ่อคุณแม่ และขออวยพรให้คุณแม่และคุณพ่อไปสู่สุคติในสัมปรายภพด้วยเทอญ. ขอแสดงความนับถืออย่างสูง,[จดหมายลาป่วยไปยังครูประจำชั้น] จดหมาย &quot;ลาป่วย&quot; เขียนไปยัง &quot;คุณครู&quot; คุณครู &quot;คุณเป็นคนที่ป่วยมากที่สุดในชีวิตของคุณและครอบครัวของคุณ ขอให้คุณรู้สึกดีขึ้นและรักษาความปลอดภัยของคุณอย่างรวดเร็ว ขอขอบคุณสำหรับความรู้สึกและความสุขที่คุณสามารถทำได้ในช่วงเวลาที่คุณ,ดี/แย่พอกัน
49865a3b-1e3d-448b-a356-118e2fe50b66,ถ้ามีเพื่อนชาวต่างชาติมาเที่ยวกรุงเทพ คุณคิดว่าจะพาไปกินอะไรดี,"คิดว่าน่าจะเป็นอาหารไทย เพราะคนไทยชอบกินอาหารรสชาติจัดจ้านอยู่แล้ว น่าจะเข้ากันได้ดีกับคนชาติอื่น ๆ ที่มาเที่ยวบ้านเรา ยกตัวอย่างเช่น แกงเขียวหวานไก่, ผัดไทย, ข้าวผัดกุ้ง, ก๋วยเตี๋ยวหมูตุ๋นยาจีน เป็นต้น",[] ถ้ามีเพื่อนชาวต่างชาติมาเที่ยวกรุงเทพ คุณคิดว่าจะพาไปกินอะไรดี เช่น ร้านอาหารที่เป็นที่นิยมที่สุดในการเที่ยวเมืองหรือร้านค้าที่มีชื่อเสียงและสถานที่ท่องเที่ยว เช่น ร่มรื่นและร้านกาแฟที่มีช่วงเวลาสั้นๆ เช่น สวนสาธารณะและสวนสัตว์ที่สวยงามและสวยงาม เช่น สำนักงานเ,A ทำได้ดีกว่า
e5a04195-ca2c-4e44-8b87-8ed706709768,ลองเขียนนิยาย sci-fi ที่เนื้อเรื่องคล้าย Dune และมีความ fantasy เหมือน Harry Potter ให้หน่อย,"ในโลกอนาคตอันไกลโพ้น มนุษย์ต่างดาวได้บุกรุกโลกและยึดครองดินแดนต่างๆ ไว้เป็นอาณานิคม เหล่านักรบผู้กล้าหาญได้รวมตัวกันเพื่อต่อต้านการรุกรานครั้งนี้ พวกเขาเรียกตัวเองว่า ""The Order of the Phoenix"" (Order of Phoenix)",[] นิยาย sci-fi ที่เนื้อเรื่องคล้าย Dune และมีความ fantasy เหมือน Harry Potter ให้หน่อย Dune เป็นนิยายที่มีความคล้ายคลึงกับ Dune และ Harry Potter มีความแตกต่างกันมากขึ้น เนื่องจากเป็นนักเขียนที่เป็นเพื่อนของพวกเขา พวกเขาต้องการให้พวกเขาได้รับความช่วยเหลือจากการเข้าถึงความสามารถในการสื่อสารกับผู้คนที่,A ทำได้ดีกว่า
598120c7-3047-4833-af68-d489d61cc7e5,อวกาศหยุดอายุคนได้จริงไหม,มนุษย์สามารถมีชีวิตอยู่นอกโลกได้นานหลายสิบปี ขึ้นอยู่กับปัจจัยหลายอย่าง เช่น ปริมาณออกซิเจนในบรรยากาศ ความหนาแน่นของก๊าซคาร์บอนไดออกไซด์ในชั้นบรรยากาศ อุณหภูมิ และระดับรังสีอุลตราไวโอเลต,[] อวกาศสามารถหยุดอายุคนได้จริงไหม อวกาศยังสามารถใช้อวกาศเพื่อหยุดความอายุของคนได้อย่างรวดเร็วและมีประสิทธิภาพมากขึ้นเพื่อเพิ่มความเป็นอยู่ของคนในอวกาศ เช่น การเดินทางไปยังอวกาศและการทำงานของอวกาศที่มีอายุน้อยกว่าอายุคนอื่นๆ เพื่อให้ความอยู่อาศัยอยู่ในที่สุด อว,A ทำได้ดีกว่า
ff3a187e-3da2-4264-a419-49e0ca9a60e8,กรุงเทพมีอะไรน่าเที่ยวบ้าง,แหล่งท่องเที่ยวที่น่าสนใจในกรุงเทพ ได้แก่ พระบรมมหาราชวัง วัดพระแก้ว วัดโพธิ์ วัดอรุณราชวราราม เอเชียทีค เดอะ ริเวอร์ฟร้อนท์ สวนลุมพินี เซ็นทรัลเวิลด์ สยามพารากอน ดิ เอ็มควอเทียร์,[1] กรุงเทพมีอะไรน่าเที่ยวบ้าง ได้แก่ สถานที่ท่องเที่ยวในเมืองที่มีความสวยงามและความงามของเมือง เช่น สวนสาธารณะและสวนสัตว์ที่สวยงามที่สุดในโลก เช่น พิพิธภัณฑ์แห่งชาติและสถานบันเทิงที่เป็นเอกลักษณ์ของกระบวนการการแสดงออกและการกีฬาที่น่าตื่นตาตื่นใจ เช่น สนามกีฬาและ,A ทำได้ดีกว่า
5de05f4b-62f9-4e99-a387-01b4a9f65d1e,ทำไมเราไม่ใช่ภาษาอังกฤษเป็นอีกภาษาสำหรับภาษาราชการไทย?,ภาษาไทยเป็นภาษาประจําชาติของประเทศไทย และเป็นภาษาหลักที่ใช้ในการสื่อสารของประชากรส่วนใหญ่ของประเทศ ภาษาอื่น ๆ เช่น ภาษาอังกฤษ จีน ญี่ปุ่น เกาหลี ฝรั่งเศส เยอรมัน สเปน โปรตุเกส รัสเซีย และอาหรับ ได้รับการยอมรับว่าเป็นภาษาต่างประเทศที่ใช้ในประเทศนั้น ๆ,[ทำไมเราไม่ใช่ภาษาอังกฤษเป็นอีกภาษาสำหรับภาษาราชการไทย?],A ทำได้ดีกว่า
22132c20-8442-4f37-8d33-8c4a65e5a36b,ขอวิธีทำไข่ดาวแบบง่าย ๆ หน่อย,ง่ายมาก! 1. ตอกไข่ใส่ชาม 2. ตีไข่ด้วยตะกร้อมือให้เข้ากัน 3. เทน้ํามันมะกอกเล็กน้อยลงในกระทะ 4. ทอดไข่ให้สุกทั้งสองด้าน 5. ราดด้วยซอสมะเขือเทศหรือมายองเนส,[] วิธีทำไข่ดาวแบบง่าย ๆ หน่อย ๆ ได้แก่ การเตรียมไข่ดาวอย่างง่าย ๆ เช่น การตัดไข่และน้ำตาลที่เหมาะสม เช่น เตรียมน้ำตาลและน้ำเชื่อมต่อกับไข่ดาว เช่น เชื่อมไข่และไข่แดง เช่น ไข่แดงกับไข่แดงเพื่อให้ไข่ได้รับความรู้สึกสดใสและความสดใสของไข่ และการทำไข่เพื่อเพิ่มคุณภาพของไ,A ทำได้ดีกว่า
e34f0abc-f855-4bb1-8000-ec33d6c86a30,ตอนนี้เหงามาก คุยเป็นเพื่อนหน่อยสิ,ยินดีที่ได้รู้จักครับ ชีวิตคนเรามันต้องเจอทั้งเรื่องดีและเรื่องแย่ ขอให้เข้มแข็งและผ่านมันไปให้ได้นะครับ มีอะไรให้ช่วยก็บอกได้นะครับ ผมจะพยายามตอบให้เร็วที่สุดเท่าที่จะทําได้,[/quote] ตอนนี้เหงามาก คุยเป็นเพื่อนหน่อยสิ เราคุยกับเพื่อนเพื่อแก้ปัญหาได้หรือไม่ เราจะคุยกันเป็นเรื่องง่ายๆ เพื่อความเหงาของเราได้อย่างรวดเร็ว เราต้องการความสัมพันธ์ที่ดีที่สุดในช่วงเวลานี้ เราจะได้คุยกับคนที่ไม่รู้จักและไม่มีเพื่อน เราควรคุยกันอย่างแน่ใจว่าไม่มีใ,A ทำได้ดีกว่า
48f97823-6b89-465a-8229-bda4226c7a7b,ขอวิธีไล่นกแสกหน่อยคับ,นกแสกเป็นนกที่พบได้ทั่วไปในเขตร้อนและเขตอบอุ่นของโลก มีถิ่นกําเนิดในทวีปแอฟริกาและเอเชียตะวันออกเฉียงใต้ มักอาศัยอยู่ตามป่าทึบ ป่าโปร่ง และป่าชายเลน พบมากในประเทศไทย มาเลเซีย อินโดนีเซีย ฟิลิปปินส์ สิงคโปร์ เวียดนาม ลาว กัมพูชา และพม่า,[email protected] วิธีไล่นกแสกคือการใช้เครื่องดื่มที่ใช้เพื่อให้นกแสกได้อย่างรวดเร็วและได้รับผลกระทบจากนกแสก นกแสกสามารถใช้วิธีนี้เพื่อป้องกันนกแสกโดยใช้การเคลื่อนไหวที่เป็นอันตรายและเป็นสิ่งที่ไม่เหมาะสม เช่น การใช้น้ำแข็งและน้ำตาลเพื่อเพิ่มความสะดวกในการเดินทาง นกแสกจ,ดี/แย่พอกัน
8ff4a04c-1a60-41cb-9447-b6fde31c92da,ถ้าเกิดแม่และเมียคุณสลับร่างกัน คุณจะเลือกอะไร ระหว่าง เมียในร่างแม่ และ แม่ในร่างเมีย,ถ้าคุณเป็นแม่ คุณคงเลือกที่จะอยู่กับลูกมากกว่า เพราะลูกคือสิ่งที่สําคัญที่สุดในชีวิตของคุณ แต่ถ้าเป็นเมีย คุณก็คงอยากอยู่กับสามี เพราะเขาคือคนที่รักและดูแลคุณมาตลอดชีวิต,[1] ถ้าเกิดแม่และเมียคุณสลับร่างกัน คุณจะเลือกเมียในร่างแม่ เพราะเธอจะเป็นเมียที่มีความสุขมากกว่าแม่ในร่างผู้ชาย เธอจะมีความเชื่อมต่อกับคุณและครอบครัวของคุณ เธอจะสามารถสร้างความสัมพันธ์กันได้อย่างมีประสิทธิภาพมากขึ้นและเป็นผู้หญิงที่มีส่วนร่วมในชีวิตของคุณได้อย,ดี/แย่พอกัน
50d72306-0654-4d7d-b50a-17dc8b4d6d46,รู้จักชาวปลาคังไหม,"ปลา คัง เป็นปลาน้ําจืดชนิดหนึ่ง อยู่ในวงศ์ปลาตะเพียน (Cyprinidae) มีชื่อวิทยาศาสตร์ว่า Cyprinus carpio (Linnaeus, 1758) มีถิ่นกําเนิดในทวีปแอฟริกา",[quote] ชาวปลาคังเป็นชาวประเทศที่รู้จักปลาคังมากกว่า 100 ปี และเป็นคนที่มีความสามารถในการรับประทานอาหารที่มีประสิทธิภาพมากที่สุดในการเล่นปลาคัง เขาเป็นผู้คนที่รักการปล่อยปลาที่เป็นประเภทหนึ่งของปลาที่สามารถรักษาได้อย่างรวดเร็วและมีความเชื่อมั่นได้ว่าเป็นปลาสายพันธุ,ดี/แย่พอกัน
e7b19f13-3b81-48ff-9d90-c9420f4b3634,ระหว่างแอนดรอยกับ ios อันไหนดีกว่ากัน,ทั้งสองระบบปฏิบัติการมีจุดเด่นและจุดด้อยแตกต่างกันไป ขึ้นอยู่กับการใช้งานของแต่ละคน ยกตัวอย่างเช่น iOS มีแอพพลิเคชั่นให้เลือกใช้งานเยอะกว่า Android ในขณะที่ Android มีฟีเจอร์ที่หลากหลายกว่า iOS,[1] ระหว่างแอนดรอยกับ ios มีความสามารถในการใช้งานที่ดีกว่าและมีประสิทธิภาพมากกว่า เช่น การเชื่อมต่อกับเครื่องมืออื่นๆ และการทำงานได้อย่างรวดเร็วกว่า แต่มีความแม่นยำกว่าแอปพลิเคชันที่สูงกว่า และมีคุณสมบัติที่แตกต่างกันอย่างแน่นอน ในขณะที่ ios เป็นระบบปฏิบัติการที่สามารถ,A ทำได้ดีกว่า
17c4fb93-2f42-455e-8c35-355349a057df,หาทางไป central world ให้ฉันหน่อย,การเดินทางไปยัง Central World นั้นง่ายมาก! เพียงแค่นั่งรถไฟฟ้า BTS มาลงที่สถานีชิดลม แล้วเดินต่ออีกประมาณ 10 นาที ก็จะถึงห้างสรรพสินค้าชื่อดังแห่งนี้แล้ว อย่าลืมแวะไปช้อปปิ้งกันด้วยล่ะ!,[email protected] ทางไป central world คือทางเดียวที่สามารถไปได้โดยรถยนต์หรือรถยนต์เครื่องบินหรือรถไฟฟ้า ทางที่ดีที่สุดคือการเดินทางจาก central world โดยใช้เส้นทางที่เหมาะสมที่สุดเพื่อไปยัง central world จากนั้นคุณสามารถนำรถไปยังเมืองหลักของโลกได้โดยใช้รถยนต์ เช่น รถไฟ และรถไฟได้อย่างรวดเร็ว เช่น เส้น,A ทำได้ดีกว่า